DESCRIPCION,UNIDAD,PRECIO UNITARIO,CPC ELEMENTO,NP/ND/EP,VAE (%),RECURSO
(Control Lógico Programable),,0.0,,,0.0,MATERIAL
"1 ESTACION AUTOMATICA DE PRODUCCIÓN CONTINUA DE SOLUCIÓN DE POLIMEROS, PROPILENO 3 COMPARTIMENTOS, INC. TABLERO DE CONTROL, PANEL POST - DILUCIÓN EN LINEA.",,0.0,,,0.0,MATERIAL
"3 BOMBAS DE CAVIDAD PROGRESIVA DOSIFICACIÓN DE POLÍMERO 3 G/L, CAUDAL 230-1050 L/H, TDH=20 MCA",,0.0,,,0.0,MATERIAL
"3 MEDIDORES DE CAUDAL DN 25MM, PN10, B-B",,0.0,,,0.0,MATERIAL
ABRAZADERA TIPO EMT D= D=3/4”.,,0.0,,,0.0,MATERIAL
"ABRAZADERA TIPO EMT D=1/2""",,0.0,,,0.0,MATERIAL
"ABRAZADERA TIPO EMT DE 1""",,0.0,,,0.0,MATERIAL
"ABRAZADERA TIPO EMT DE 1/2"".",,0.0,,,0.0,MATERIAL
"ACCESORIO DE ACERO INCLUYE RECUBRIMIENTO INTERNO Y EXTERNO D=2""",,0.0,,,0.0,MATERIAL
"ACCESORIO DE ACERO INCLUYE RECUBRIMIENTO INTERNO Y EXTERNO D=3""",,0.0,,,0.0,MATERIAL
ACCESORIO PARA CONEXIÓN EN TUBERÍA,,0.0,,,0.0,MATERIAL
ACCESORIO de polipropileno PVC/PP ROSCABLE 1/2”,,0.0,,,0.0,MATERIAL
ACCESORIOS ACERO INOXIDABLE AISI 304,,0.0,,,0.0,MATERIAL
ACERO DE REFUERZO,,0.0,,,0.0,MATERIAL
ACERO DE REFUERZO FY=4200KG/CM2,kg,1.08,,,0.0,MATERIAL
ACERO DE REFUERZO FY=4200KG/CM2,,0.0,,,0.0,MATERIAL
ACERO EN PERFIL,,0.0,,,0.0,MATERIAL
ACERO EN PLANCHA,,0.0,,,0.0,MATERIAL
ACETILENO,,0.0,,,0.0,MATERIAL
ACOPLE EXCAVADORA DE ORUGA (ROZADORA/MARTILLO HIDRO/ TALADRO),,0.0,,,0.0,EQUIPO
ACOPLE EXCAVADORA DE ORUGA (ROZADORA/MARTILLO HIDRO/ TALADRO).,,0.0,,,0.0,EQUIPO
ACTUADOR ELÉCTRICO PARA COMPUERTA 1400 X 1800 MM.,,0.0,,,0.0,MATERIAL
ACTUADOR ELÉCTRICO PARA VÁLVULA D= 250 MM,,0.0,,,0.0,MATERIAL
ACTUADOR ELÉCTRICO PARA VÁLVULA D= 300 MM,,0.0,,,0.0,MATERIAL
ACTUADOR ELÉCTRICO PARA VÁLVULA D= 400 MM,,0.0,,,0.0,MATERIAL
ADAPTADOR DE BAJANTE – ALCANTARILLADO,,0.0,,,0.0,MATERIAL
ADAPTADOR PARA ETHERNET PARA PLC,,0.0,,,0.0,MATERIAL
ADAPTADOR PARA SENSOR,,0.0,,,0.0,MATERIAL
ADHESIVO DE DOS COMPONENTES PARA ANCLAJE DE HORMIGÓN,,0.0,,,0.0,MATERIAL
ADHESIVO EPÓXICO,,0.0,,,0.0,MATERIAL
ADITIVO PARA HORMIGON.,kg,1.7,,,0.0,MATERIAL
ADITIVO PARA HORMIGONES DE RESISTENCIA MAYORES A F´C=180 KG/CM2,,0.0,,,0.0,MATERIAL
ADITIVO PARA HORMIGÓN,kg,1.7,,,0.0,MATERIAL
ADITIVO PARA INYECCIÓN DE LECHADA,,0.0,,,0.0,MATERIAL
ADITIVOS,,0.0,,,0.0,MATERIAL
AGUA,,0.0,,,0.0,MATERIAL
AGUA,m3,0.3,,,0.0,MATERIAL
AGUA.,,0.0,,,0.0,MATERIAL
ALAMBRE AMARRE #18,,0.0,,,0.0,MATERIAL
ALAMBRE DE AMARRE,,0.0,,,0.0,MATERIAL
ALAMBRE GALVANIZADO,,0.0,,,0.0,MATERIAL
ALAMBRE GALVANIZADO #18,kg,1.97783,,,0.0,MATERIAL
ALAMBRE GALVANIZADO #18,,0.0,,,0.0,MATERIAL
ALBAÑIL E. O. D2,,4.39,541210012,ND,0.3809,MANO DE OBRA
ALFAJIA EUCALIPTO 7X7,m,1.5,,,0.0,MATERIAL
ALFAJÍA DE EUCALIPTO O SIMILARES,,0.0,,,0.0,MATERIAL
AMOLADORA,,0.0,,,0.0,EQUIPO
AMOLADORA CON DISCO DE DIAMANTE,,0.0,,,0.0,EQUIPO
AMOLADORA ELÉCTRICA,,0.0,,,0.0,EQUIPO
ANDAMIO (MÓDULO),,0.0,,,0.0,EQUIPO
ANDAMIO METALICO,,0.0,,,0.0,EQUIPO
ANDAMIO METÁLICO,,0.0,,,0.0,EQUIPO
ANDAMIOS,,0.0,,,0.0,EQUIPO
ANDAMIOS MODULO INCLUYE TRANSPORTE,,0.0,,,0.0,EQUIPO
ANDAMIOS.,,0.0,,,0.0,EQUIPO
ARENA,,0.0,,,0.0,MATERIAL
ARENA NEGRA,,0.0,,,0.0,MATERIAL
ARENA PARA HORMIGON EN OBRA,m3,12.2,,,0.0,MATERIAL
ARENA PARA HORMIGÓN,,0.0,,,0.0,MATERIAL
ARENA PUESTA EN OBRA,,0.0,,,0.0,MATERIAL
ASFALTO RC 250 (IMPRIMACION),,0.0,,,0.0,MATERIAL
AYUDANTE DE MAQUINARIA E. O. D2,,4.46,541210012,ND,0.3809,MANO DE OBRA
Abrazadera ajustable a canal para tubo de 1”,,0.0,,,0.0,MATERIAL
Abrazadera ajustable a canal para tubo de 3/4”,,0.0,,,0.0,MATERIAL
"Abrazadera fija un ala, 1""",,0.0,,,0.0,MATERIAL
"Abrazadera fija un ala, 3/4""",,0.0,,,0.0,MATERIAL
Accesorios,,0.0,,,0.0,MATERIAL
Accesorios de instalación,,0.0,,,0.0,MATERIAL
Acero 1045,,0.0,,,0.0,MATERIAL
Acero ASTM A36,,0.0,,,0.0,MATERIAL
Acero en perfil,,0.0,,,0.0,MATERIAL
Acero inoxidable AISI 304,,0.0,,,0.0,MATERIAL
Acetileno,,0.0,,,0.0,MATERIAL
Actuador eléctrico,,0.0,,,0.0,MATERIAL
Adhesivo epóxico alta resistencia hormigón fresco a endurecido grado alimenticio,,0.0,,,0.0,MATERIAL
Aditivo de expansión controlada para hormigón,,0.0,,,0.0,MATERIAL
Agitadores de mezcla,,0.0,,,0.0,MATERIAL
Agua,,0.0,,,0.0,MATERIAL
Alambre galvanizado,,0.0,,,0.0,MATERIAL
Alarma audible con nivel sonoro entre 78 y 105 DBA,,0.0,,,0.0,MATERIAL
Alquiler local,,0.0,,,0.0,EQUIPO
Amoladora,,0.0,,,0.0,EQUIPO
Amoladora Eléctrica,,0.0,,,0.0,EQUIPO
Amoladora eléctrica,,0.0,,,0.0,EQUIPO
Amortiguador de pulsaciones,,0.0,,,0.0,MATERIAL
Amperaje nominal de 15-40 Amperios,,0.0,,,0.0,MATERIAL
"Analizador de carbono orgánico total, Rango 0,4 a 100 PPM como carbono",,0.0,,,0.0,MATERIAL
Andamios,,0.0,,,0.0,EQUIPO
"Arandela de presión 3/8""",,0.0,,,0.0,MATERIAL
"Arandela de presión de aleación bronce de silicio 3/8""",,0.0,,,0.0,MATERIAL
"Arandela de presión de aleación bronce silicio 1/2""",,0.0,,,0.0,MATERIAL
"Arandela plana 3/8""",,0.0,,,0.0,MATERIAL
"Arandela plana de aleación bronce de silicio 1/2""",,0.0,,,0.0,MATERIAL
"Arandela plana de aleación bronce de silicio 3/8""",,0.0,,,0.0,MATERIAL
Arena puesta en obra,,0.0,,,0.0,MATERIAL
Arena silícea para filtros PTAP Bellavista,,0.0,,,0.0,MATERIAL
Armario de Potencia,,0.0,,,0.0,MATERIAL
Armario metalico 2000x1000x600 mm,,0.0,,,0.0,MATERIAL
Armario metálico 2000x1000x600 mm,,0.0,,,0.0,MATERIAL
Armario metálico 2000x800x800 mm,,0.0,,,0.0,MATERIAL
Aviso de salida doble lado con batería,,0.0,,,0.0,MATERIAL
BAJANTE DE AGUAS LLUVIA,,0.0,,,0.0,MATERIAL
BANDA DE PVC DE 18CM,,0.0,,,0.0,MATERIAL
BANDA DE PVC DE 18CM,m,10.29,,,0.0,MATERIAL
BANDAS (CINTAS) PVC 18 CM,,0.0,,,0.0,MATERIAL
"BANDEJA PORTACABLE HG TIPO ESCALERILLA 0,30X0,15 M",,0.0,,,0.0,MATERIAL
"BARRAS DE 1 M 1/4X1/4"" PARA 450 A",,0.0,,,0.0,MATERIAL
"BARRAS DE 1 M 1/8X1/2"" PARA 172 A",,0.0,,,0.0,MATERIAL
"BARRAS DE ANCLAJE ACERO GRADO 60, FY=420MPA (4200 KG/CM2)",,0.0,,,0.0,MATERIAL
"BARREDORA DE LODOS PARA DECANTADOR DE LODOS DE SEDIMENTADORES ANCHO DEL TANQUE 5.00 M, ALTURA 3.50 M, LONGITUD 30.0 M.",,0.0,,,0.0,MATERIAL
BAÑOS PORTÁTILES.,,0.0,,,0.0,MATERIAL
BLOQUE ALIVIANADO 10X20X40 CM,,0.0,,,0.0,MATERIAL
BLOQUE CARGA 20X20X40,,0.0,,,0.0,MATERIAL
BLOQUE DE CARGA 15 X 20 X 40 CM,,0.0,,,0.0,MATERIAL
"BOMBA CENTRIFUGA HORIZONTAL, CAUDAL 244 M3/HORA; TDH = 41 MCA.",,0.0,,,0.0,MATERIAL
"BOMBA CENTRIFUGA VERTICAL MULTIETAPA PARA AGUA DE LAVADO 15 M3/H, TDH=7.00 BARES",,0.0,,,0.0,MATERIAL
"BOMBA CENTRÍFUGA HORIZONTAL PARA BOMBEO DE LODOS, CONCENTRACIÓN 0.8%, Q = 28 M3/H, TDH = 12.5 MCA",,0.0,,,0.0,MATERIAL
"BOMBA CENTRÍFUGA HORIZONTAL, PARA LAVADO DE SEDIMENTADORES Q = 10,8 M3/H, TDH 35 M",,0.0,,,0.0,MATERIAL
"BOMBA DE LÓBULOS ROTATIVOS DE LODOS, SUCCIÓN D = 100MM, DESCARGA D=100MM; CAUDAL 33.6 M3/HORA, SUCCIÓN POSITIVA, PRESIÓN DE DESCARGA 17.6 MCA, VELOCIDAD MÁXIMA 500 RPM. POTENCIA (VALOR REFERENCIAL 5.0HP), EXTREMOS BB TIPO CUELLO DE GANSO.",,0.0,,,0.0,MATERIAL
BOMBA PARA HORMIGÓN (INCLUYE TUBERÍA) O SIMILAR,,0.0,,,0.0,EQUIPO
BORDILLO PREFABRICADO,,0.0,,,0.0,MATERIAL
BOTIQUÍN DE PRIMEROS AUXILIOS.,,0.0,,,0.0,MATERIAL
BRIDA DE NYLON PARA AMARRE,,0.0,,,0.0,MATERIAL
"BRIDA FIJA PVC, DN 315MM",,0.0,,,0.0,MATERIAL
"BRIDA PVC DN 75 MM, 1,25 MPA",,0.0,,,0.0,MATERIAL
"BRIDA PVC DN=100 MM, 1,25 MPA",,0.0,,,0.0,MATERIAL
Backplane (12 slots),,0.0,,,0.0,MATERIAL
Backplane (6 slots),,0.0,,,0.0,MATERIAL
"Banco de capacitores 10 KVAR, 460v",,0.0,,,0.0,MATERIAL
"Bandeja portacable HG tipo escalerilla 0,45x0,15 m.",,0.0,,,0.0,MATERIAL
Bandeja portacable HG tipo escalerilla 0.20x0.15,,0.0,,,0.0,MATERIAL
Bandeja portacable HG tipo escalerilla 0.30x0.15,,0.0,,,0.0,MATERIAL
Bomba Centrifuga eje horizontal Q=6.31 l/s; H=47.89 m.c.a,,0.0,,,0.0,MATERIAL
Bomba Jockey Q=0.06 l/s TDH= 52.68 mca,,0.0,,,0.0,MATERIAL
Bombas de dosificación,,0.0,,,0.0,MATERIAL
Breaker enchufable-corto circuitos 1P – 15-40 Amp,,0.0,,,0.0,MATERIAL
"Brida ciega ANSI Clase 150 para CD40 acero inoxidable incluye pernos y empaques D=16""",,0.0,,,0.0,MATERIAL
"Brida ciega ANSI Clase 150 para CD40 acero inoxidable incluye pernos y empaques D=32""",,0.0,,,0.0,MATERIAL
"Brida tipo slip on ANSI Clase 150 para CD40 acero inoxidable D=04""",,0.0,,,0.0,MATERIAL
"Brida tipo slip on ANSI Clase 150 para CD40 acero inoxidable D=06""",,0.0,,,0.0,MATERIAL
"Brida tipo slip on ANSI Clase 150 para CD40 acero inoxidable D=08""",,0.0,,,0.0,MATERIAL
"Brida tipo slip on ANSI Clase 150 para CD40 acero inoxidable D=10""",,0.0,,,0.0,MATERIAL
"Brida tipo slip on ANSI Clase 150 para CD40 acero inoxidable D=16""",,0.0,,,0.0,MATERIAL
"Brida tipo slip on ANSI Clase 150 para CD40 acero inoxidable D=20""",,0.0,,,0.0,MATERIAL
"Brida tipo slip on ANSI Clase 150 para CD40 acero inoxidable D=36""",,0.0,,,0.0,MATERIAL
"Brida tipo slip on ANSI Clase 150 para CD40 acero inoxidable incluye pernos y empaques D=04""",,0.0,,,0.0,MATERIAL
"Brida tipo slip on ANSI Clase 150 para CD40 acero inoxidable incluye pernos y empaques D=06""",,0.0,,,0.0,MATERIAL
"Brida tipo slip on ANSI Clase 150 para CD40 acero inoxidable incluye pernos y empaques D=08""",,0.0,,,0.0,MATERIAL
"Brida tipo slip on ANSI Clase 150 para CD40 acero inoxidable incluye pernos y empaques D=10""",,0.0,,,0.0,MATERIAL
"Brida tipo slip on ANSI Clase 150 para CD40 acero inoxidable incluye pernos y empaques D=16""",,0.0,,,0.0,MATERIAL
"Brida tipo slip on ANSI Clase 150 para CD40 acero inoxidable incluye pernos y empaques D=20""",,0.0,,,0.0,MATERIAL
"Brida tipo slip on ANSI Clase 150 para CD40 acero inoxidable incluye pernos y empaques D=36""",,0.0,,,0.0,MATERIAL
Broca De Perforación,,0.0,,,0.0,MATERIAL
CABLE DE 3 M PARA TERMINAL GRAFICO,,0.0,,,0.0,MATERIAL
"CABLE DE FIBRA ÓPTICA MULTIMODO, 6 HILOS",,0.0,,,0.0,MATERIAL
"CABLE FPLR # 16, CONCENTRICO 2X16",,0.0,,,0.0,MATERIAL
CADENERO E. O. D2,,4.39,541210012,ND,0.3809,MANO DE OBRA
"CAJETÍN OCTOGONAL GRANDE, PROFUNDO CON TAPA.",,0.0,,,0.0,MATERIAL
CAMIÓN GRÚA,,0.0,,,0.0,EQUIPO
CANAL DE AGUAS LLUVIA,,0.0,,,0.0,MATERIAL
"CAPACITOR 10,4 KVAR 480V",,0.0,,,0.0,MATERIAL
CAPACITOR 17 KVAR 480V,,0.0,,,0.0,MATERIAL
"CAPACITOR 25,8 KVAR 480V",,0.0,,,0.0,MATERIAL
CARBONADO TIPO A,,0.0,,,0.0,MATERIAL
CARGADORA FRONTAL 110 HP,,20.0,,,0.0,EQUIPO
CEMENTO,,0.0,,,0.0,MATERIAL
CEMENTO BLANCO,,0.0,,,0.0,MATERIAL
CEMENTO PORTLAND,,0.0,,,0.0,MATERIAL
CEMENTO PORTLAND GRIS,,0.0,,,0.0,MATERIAL
CEMENTO PORTLAND TIPO 1,,0.0,,,0.0,MATERIAL
CEMENTO PORTLAND TIPO 1,kg,0.14,,,0.0,MATERIAL
"CENTRAL CLVR 4 ZONAS, INCLUYE BATERIA RECARGABLE 12Vdc 4Amp y PULSANTE MANUAL.",,0.0,,,0.0,MATERIAL
CERRADURA LLAVE-LLAVE,,0.0,,,0.0,MATERIAL
CERRADURA PUERTA CORREDIZA,,0.0,,,0.0,MATERIAL
CHOFER: VOLQUETAS  E. O. C1,,6.38,541210012,ND,0.3809,MANO DE OBRA
CINTA PVC 15 CM,,0.0,,,0.0,MATERIAL
CLAVOS,,0.0,,,0.0,MATERIAL
"CLAVOS DE 2 A 8""",kg,1.91,,,0.0,MATERIAL
"CLAVOS DE 2 A 8""",,0.0,,,0.0,MATERIAL
CLAVOS DE 2 A 8”,,0.0,,,0.0,MATERIAL
CLOSET LACADO E CLOSET INCLUYE LACADO (SEGÚN PLANOS DE DETALLE),,0.0,,,0.0,MATERIAL
CODO 11.25° PVC U/E 1.25MPA D= 315MM,,0.0,,,0.0,MATERIAL
"CODO 12° RADIO LARGO ACERO INOXIDABLE AISI 304L, DN = 150 MM, L=0.98 M, SCH 40, B-B",,0.0,,,0.0,MATERIAL
"CODO 12° RADIO LARGO ACERO INOXIDABLE AISI 304L, DN = 150 MM, L=1.15 M, SCH 40, B-B",,0.0,,,0.0,MATERIAL
CODO 22.5° PVC U/E 1.25MPA D= 315MM,,0.0,,,0.0,MATERIAL
"CODO 45° HD, DN = 100 MM, PN 10, B-B",,0.0,,,0.0,MATERIAL
"CODO 45° HD, DN = 150 MM, B-B, PN10",,0.0,,,0.0,MATERIAL
"CODO 45° HD, DN = 250 MM",,0.0,,,0.0,MATERIAL
"CODO 45° HD, DN = 250 MM, PN 10, B-B",,0.0,,,0.0,MATERIAL
"CODO 45° HD, DN = 300 MM",,0.0,,,0.0,MATERIAL
CODO 45° PVC U/E 1.25MPA D= 315MM,,0.0,,,0.0,MATERIAL
"CODO 90, ACERO INOX. 304, D=2"" 1/2, 250 PSI, R-R",,0.0,,,0.0,MATERIAL
"CODO 90° HD, DN = 100 MM, B-B, PN10",,0.0,,,0.0,MATERIAL
"CODO 90° HD, DN = 150 MM, B-B, PN10",,0.0,,,0.0,MATERIAL
"CODO 90° HD, DN = 200 MM, B-B, PN10",,0.0,,,0.0,MATERIAL
"CODO 90° HD, DN = 250 MM, CLASE 40",,0.0,,,0.0,MATERIAL
"CODO 90° HD, DN = 300 MM, CLASE 30",,0.0,,,0.0,MATERIAL
"CODO 90° HD, DN = 50 MM, B-B, PN10",,0.0,,,0.0,MATERIAL
"CODO 90° HD, DN = 80 MM, B-B, PN10",,0.0,,,0.0,MATERIAL
CODO 90° PVC U/E 1.25MPA D= 315MM,,0.0,,,0.0,MATERIAL
"CODO 90°, ACERO INOX. 304, D=1"", 150 PSI, R-R",,0.0,,,0.0,MATERIAL
"CODO 90°, ACERO INOX. 304, D=3/4"", 250 PSI, R-R",,0.0,,,0.0,MATERIAL
CODO DE BAJANTE 90°,,0.0,,,0.0,MATERIAL
CODO PVC D = 110MM X 90° -DESAGUE,,0.0,,,0.0,MATERIAL
CODO PVC D = 75MM X 90° - DESAGUE,,0.0,,,0.0,MATERIAL
"CODO PVC PRESION D = 1/2"" X 90",,0.0,,,0.0,MATERIAL
"CODO ROSCABLE ACERO ASTM A53 Ø 1 ½ """,,0.0,,,0.0,MATERIAL
"CODO ROSCABLE ACERO ASTM A53 Ø 2 ½""",,0.0,,,0.0,MATERIAL
COMPACTADOR MECANICO. 5 HP.,,0.0,,,0.0,EQUIPO
COMPACTADOR MECÁNICO,,0.0,,,0.0,EQUIPO
COMPACTADOR TIPO PLANCHA 10 HP,,0.0,,,0.0,EQUIPO
COMPRESOR,,0.0,,,0.0,EQUIPO
"COMPRESOR DE AIRE TIPO PISTÓN CAUDAL 13 M3/H, 7-9 BARES, 1.50 kW. (INCLUYE: VÁLVULA DE PURGADO, MANÓMETRO, REDUCTOR DE PRESIÓN, VÁLVULA DE SEGURIDAD Y PRESOSTATO DE PRESIÓN).",,0.0,,,0.0,MATERIAL
"COMPUERTA ACERO INOXIDABLE TIPO MURAL, AISI 304L DE VÁSTAGO ASCENDENTE PARA CANAL D = 1400 X 1800",,0.0,,,0.0,MATERIAL
CONCRETERA DE UN SACO,,4.58,,,0.0,EQUIPO
CONCRETERA O MEZCLADORA,,0.0,,,0.0,EQUIPO
CONDUCTOR # 1/0 AWG DESNUDO,,0.0,,,0.0,MATERIAL
"CONDUCTOR # 10 AWG ST-THHN, CONCÉNTRICO 4X10",,0.0,,,0.0,MATERIAL
"CONDUCTOR # 12 AWG T-THHN, CONCÉNTRICO 4X12",,0.0,,,0.0,MATERIAL
CONDUCTOR # 12 AWG THHN,,0.0,,,0.0,MATERIAL
"CONDUCTOR # 14 AWG ST-THHN, CONCÉNTRICO 3X14",,0.0,,,0.0,MATERIAL
CONDUCTOR # 14 AWG THHN,,0.0,,,0.0,MATERIAL
CONDUCTOR # 2 AWG HIPERFLEX,,0.0,,,0.0,MATERIAL
CONDUCTOR # 2/0 AWG HIPERFLEX,,0.0,,,0.0,MATERIAL
CONDUCTOR # 4/0 AWG HIPERFLEX,,0.0,,,0.0,MATERIAL
CONDUCTOR # 500 AWG HIPERFLEX,,0.0,,,0.0,MATERIAL
CONDUCTOR # 6 AWG TTU,,0.0,,,0.0,MATERIAL
CONDUCTOR CONCÉNTRICO THHN 3X10,,0.0,,,0.0,MATERIAL
"CONDUCTOR DE COBRE INDUSTRIAL ETHERNET, TRENZADO TIPO FTP CAT 6, INCLUYE CONECTORES RJ45",,0.0,,,0.0,MATERIAL
"CONECTOR TIPO EMT DE 1"".",,0.0,,,0.0,MATERIAL
"CONECTOR TIPO EMT DE 1/2"".",,0.0,,,0.0,MATERIAL
"CONECTOR TIPO EMT DE D= 3/4"".",,0.0,,,0.0,MATERIAL
"CONECTOR TIPO EMT DE D=1/2""",,0.0,,,0.0,MATERIAL
CONTACTOR 80 A C3 CON BOBINA 110 VAC,,0.0,,,0.0,MATERIAL
CONTACTOR 9 A C3 CON BOBINA 110 VAC,,0.0,,,0.0,MATERIAL
"CONTACTOR PARA CAPACITOR 10,4 KVAR BOBINA 110 V",,0.0,,,0.0,MATERIAL
CONTACTOR PARA CAPACITOR 17 KVAR BOBINA 110 V,,0.0,,,0.0,MATERIAL
"CONTACTOR PARA CAPACITOR 25,8 KVAR BOBINA 110 V",,0.0,,,0.0,MATERIAL
CONTENEDORES DE ALMACENAMIENTO DE DESECHOS PELIGROSOS 55 GL.,,0.0,,,0.0,MATERIAL
CONTROL POR PLC EN LUGAR DE RELEVADORES,,0.0,,,0.0,MATERIAL
CORTADORA DE ASFALTO/PAVIMENTO,,0.0,,,0.0,EQUIPO
CORTADORA DE PAVIMENTO,,0.0,,,0.0,EQUIPO
CPU redundante,,0.0,,,0.0,MATERIAL
"CRUZ ACERO INOXIDABLE, AISI 304L, DN = 150X250 MM, SCH 40, B-B",,0.0,,,0.0,MATERIAL
CUBIERTA DE GAVALUMEN 0.40 MM,,0.0,,,0.0,MATERIAL
"CUMBRERO DE GALVALUME E=0,40MM",,0.0,,,0.0,MATERIAL
Cabina de insonorización,,0.0,,,0.0,MATERIAL
Cable Conductor THHN Calibre #12 AWG,,0.0,,,0.0,MATERIAL
Cable Conductor THHN Calibre #14 AWG,,0.0,,,0.0,MATERIAL
Cable THHN #12,,0.0,,,0.0,MATERIAL
Cable THHN #14,,0.0,,,0.0,MATERIAL
Cable THHN 10 AWG,,0.0,,,0.0,MATERIAL
Cable antiflama 2x18 sin shield (para incendios),,0.0,,,0.0,MATERIAL
Cable de baja capacitancia 2pr # 24 AWG + SH para Modbus,,0.0,,,0.0,MATERIAL
"Cable desnudo, cobre, 19 hilos 2/0 AWG",,0.0,,,0.0,MATERIAL
Cable elect. Twg.2#14/TUB. Manguera reforzada,,0.0,,,0.0,MATERIAL
"Cable tipo THHN/THWN, 1x12 AWG, 75°C húmedo/90°C seco",,0.0,,,0.0,MATERIAL
"Cable tipo THHN/THWN, 1x14 AWG, 75°C seco/90°C húmedo",,0.0,,,0.0,MATERIAL
"Cable tipo THHN/THWN, 3x10 AWG, 75°C seco/90°C húmedo",,0.0,,,0.0,MATERIAL
"Cable tipo THHN/THWN, 3x12 AWG, 75°C seco/90°C húmedo",,0.0,,,0.0,MATERIAL
"Cable tipo THHN/THWN, 3x14 AWG, 75°C seco/90°C húmedo",,0.0,,,0.0,MATERIAL
"Cable tipo THHN/THWN, 3x4 AWG, 75°C seco/90°C húmedo",,0.0,,,0.0,MATERIAL
"Cable tipo THHN/THWN, 3x6 AWG, 75°C seco/90°C húmedo",,0.0,,,0.0,MATERIAL
"Cable tipo THHN/THWN, 3x8 AWG, 75°C seco/90°C húmedo",,0.0,,,0.0,MATERIAL
"Cable verde aislamiento 600v, cobre 1/c, 2/0 AWG, XLPE",,0.0,,,0.0,MATERIAL
"Cable verde aislamiento 600v, cobre 1/c, 6 AWG, XLPE",,0.0,,,0.0,MATERIAL
"Cables, conectores",,0.0,,,0.0,MATERIAL
Caja Ortogonal Grande,,0.0,,,0.0,MATERIAL
Caja Rectangular,,0.0,,,0.0,MATERIAL
Caja Rectangular Profunda,,0.0,,,0.0,MATERIAL
Caja domiciliaria prefabricada con tapa de hormigón armado,,0.0,,,0.0,MATERIAL
Caja rectangular para pulsador contra incendios,,0.0,,,0.0,MATERIAL
Caldero,,0.0,,,0.0,EQUIPO
"Canal estructural hg 1 5/8"" x 1 5/8""",,0.0,,,0.0,MATERIAL
Canal recolector agua lluvia tool 1/32”” inc. Anclajes,,0.0,,,0.0,MATERIAL
Canales de lavado de plástico reforzadas con fibra de vidrio (FRP),,0.0,,,0.0,MATERIAL
Capacidad interruptiva de protección contra sobre carga y corto circuito,,0.0,,,0.0,MATERIAL
Carga para soldadura # 115 GRMS,,0.0,,,0.0,MATERIAL
Carga para soldadura # 150 GRMS,,0.0,,,0.0,MATERIAL
Carga para soldadura # 200 GRMS,,0.0,,,0.0,MATERIAL
Carga para soldadura # 90 GRMS,,0.0,,,0.0,MATERIAL
Caudalímetro para verificación de caudal de dosificación,,0.0,,,0.0,MATERIAL
Cemento,,0.0,,,0.0,MATERIAL
Cemento portland Tipo 1,,0.0,,,0.0,MATERIAL
Cemento portland tipo 1,,0.0,,,0.0,MATERIAL
Cerradura de baño,,0.0,,,0.0,MATERIAL
Cerámica para paredes,,0.0,,,0.0,MATERIAL
Cinta cambridge,,0.0,,,0.0,MATERIAL
Cinta de papel para juntas 50mm,,0.0,,,0.0,MATERIAL
Cinta de plástico vinilo aislante eléctrica de alta tensión,,0.0,,,0.0,MATERIAL
"Clavos de 2 a 8""",,0.0,,,0.0,MATERIAL
Clavos de acero,,0.0,,,0.0,MATERIAL
"Codo PVC/PP 1/2""",,0.0,,,0.0,MATERIAL
"Codos, teflón ; accesorios",,0.0,,,0.0,MATERIAL
Columna de calibración,,0.0,,,0.0,MATERIAL
Compresor,,0.0,,,0.0,EQUIPO
"Compuerta deslizante de acero inoxidable AISI 304 (Incluye mecanismo de elevación, pedestal, volante, pernos, accesorios)",,0.0,,,0.0,MATERIAL
Computadora portátil,,0.0,,,0.0,EQUIPO
Concretará 1 saco,,0.0,,,0.0,EQUIPO
Concretera,,0.0,,,0.0,EQUIPO
Conductor Tw Solido #10 AWG,,0.0,,,0.0,MATERIAL
"Conductor aislado par 2000 v, tipo TTU no. 2/0 AWG",,0.0,,,0.0,MATERIAL
"Conductor aislado par 2000 v, tipo TTU no. 500 MCM 37 hilos AWG",,0.0,,,0.0,MATERIAL
"Conduleta ll 1"" inc. cubierta y empaque para exteriores",,0.0,,,0.0,MATERIAL
"Conduleta ll galvanizada 3/4"" inc. cubierta y empaque",,0.0,,,0.0,MATERIAL
"Conduleta t 1"" inc. cubierta y empaque para exteriores",,0.0,,,0.0,MATERIAL
"Conduleta t galvanizada 3/4"" inc. cubierta y empaque",,0.0,,,0.0,MATERIAL
"Conector EMT 1/2""",,0.0,,,0.0,MATERIAL
Conector EMT De 3/4” De Diámetro,,0.0,,,0.0,MATERIAL
Conector EMT ½”,,0.0,,,0.0,MATERIAL
"Conector de puesta a tierra servit post, para cable 2 - 2/0 AWG, 1/2""x 17/32"", para dos cables",,0.0,,,0.0,MATERIAL
"Conector de puesta a tierra servit post, para cable 8-6 AWG, 3/8"" x 15/32"", para un cable",,0.0,,,0.0,MATERIAL
Conector plástico para cable TC 10AWG,,0.0,,,0.0,MATERIAL
Conector plástico para cable TC 12AWG,,0.0,,,0.0,MATERIAL
Conector plástico para cable TC 14AWG,,0.0,,,0.0,MATERIAL
Conector plástico para cable TC 2PR #24AWG,,0.0,,,0.0,MATERIAL
Conector plástico para cable TC 4 AWG,,0.0,,,0.0,MATERIAL
Conector plástico para cable TC 6AWG,,0.0,,,0.0,MATERIAL
Conector plástico para cable TC 8AWG,,0.0,,,0.0,MATERIAL
Conector terminal plano para cable 2/0 AWG de cobre,,0.0,,,0.0,MATERIAL
Conector terminal plano para cable 500 MCM de cobre,,0.0,,,0.0,MATERIAL
"Contactor con resistencias de preinserción 460v, 10 KVAR",,0.0,,,0.0,MATERIAL
"Contactor con resistencias de preinserción 460v, 20 KVAR",,0.0,,,0.0,MATERIAL
"Contactor con resistencias de preinserción 460v, 30 KVAR",,0.0,,,0.0,MATERIAL
Control y sensor automático para dosificación,,0.0,,,0.0,MATERIAL
Controlador de factor de potencia mínimo en 6 pasos,,0.0,,,0.0,MATERIAL
Controlador de transferencia con panel frontal,,0.0,,,0.0,MATERIAL
Cordón de suelda acero inoxidable calificado,,0.0,,,0.0,MATERIAL
Cordón de suelda calificado,,0.0,,,0.0,MATERIAL
Cortina black out (Provisión y montaje),,0.0,,,0.0,MATERIAL
"Cortina cebra (Incluye riel, accesorios, instalación)",,0.0,,,0.0,MATERIAL
"Cortina roller screen (Incl. accesorios, instalación)",,0.0,,,0.0,MATERIAL
"Curva horizontal de bandeja hg 90° 0,20x0,15 m inc. Tapa",,0.0,,,0.0,MATERIAL
"Curva vertical de bandeja hg 90° 0,20x0,15 m inc. Tapa",,0.0,,,0.0,MATERIAL
CÉSPED (CHAMBA),,0.0,,,0.0,MATERIAL
Cámaras de arqueo individuales.,,0.0,,,0.0,MATERIAL
DESMOLDANTE,gal,8.25,,,0.0,MATERIAL
DESMOLDANTE,,0.0,,,0.0,MATERIAL
"DETECTOR DE HUMO CON ALARMA OPTICO ANALÓGICO, INCLUYE ZOCALO BAJO PARA DETECTORES",,0.0,,,0.0,MATERIAL
DISCO DE CORTE,,0.0,,,0.0,MATERIAL
DISCO DE CORTE (AMOLADORA),,0.0,,,0.0,MATERIAL
DISCO DE DESBASTE,,0.0,,,0.0,MATERIAL
DISCO DESBASTE,,0.0,,,0.0,MATERIAL
"DISCO DIAMANTADO 14"" PARA CORTE DE ASFALTO",,0.0,,,0.0,MATERIAL
DISCO DIAMANTADO PARA CORTE DE PAVIMENTO,,0.0,,,0.0,MATERIAL
DISOLVENTE,,0.0,,,0.0,MATERIAL
DISPOSICIÓN DE RESIDUOS PELIGROSOS CON UN GESTOR AMBIENTAL,,0.0,,,0.0,MATERIAL
DISTRIBUIDOR ELÉCTRICO RESIDENCIAL 2 F 8 CIRCUITOS,,0.0,,,0.0,MATERIAL
DUCTO ELÉCTRICO PVC D = 110 MM,,0.0,,,0.0,MATERIAL
"DUELA DE EUCALIPTO 10X1,8X240CM",u,3.36,,,0.0,MATERIAL
Detector de humo,,0.0,,,0.0,MATERIAL
"Detector de temperatura fotoeléctrico direccionable con base de 6""",,0.0,,,0.0,MATERIAL
Detergente desengrasante – Grado alimenticio,,0.0,,,0.0,MATERIAL
Difusor de cloro gas (500 LB/D),,0.0,,,0.0,MATERIAL
Disco De Corte,,0.0,,,0.0,MATERIAL
Disco De Desbaste,,0.0,,,0.0,MATERIAL
Disco de corte,,0.0,,,0.0,MATERIAL
Disco de desbaste,,0.0,,,0.0,MATERIAL
Distribuidor de carga,,0.0,,,0.0,MATERIAL
"Disyuntor termomagnético 460v, 200a, 3 polos",,0.0,,,0.0,MATERIAL
"Disyuntor termomagnético 460v, 25a, 3 polos",,0.0,,,0.0,MATERIAL
"Disyuntor termomagnético 460v, 40a, 3 polos",,0.0,,,0.0,MATERIAL
"Disyuntor termomagnético 460v, 60a, 3 polos",,0.0,,,0.0,MATERIAL
Ducha eléctrica (incluye accesorios),,0.0,,,0.0,MATERIAL
ELECTRODO,,0.0,,,0.0,MATERIAL
ELECTRODO #6010 1/8,,0.0,,,0.0,MATERIAL
ELECTRODO 6011 1/8,,0.0,,,0.0,MATERIAL
ELECTRODO RUTILICO,,0.0,,,0.0,MATERIAL
ELECTRODOS PARA ACERO INOXIDABLE,,0.0,,,0.0,MATERIAL
ELEVADOR (1 SACO),,0.0,,,0.0,EQUIPO
EMPAQUES D = 150 MM,,0.0,,,0.0,MATERIAL
EMPAQUES D = 200 MM,,0.0,,,0.0,MATERIAL
EMPAQUES DE NEOPRENO D = 100 MM,,0.0,,,0.0,MATERIAL
EMPAQUES DE NEOPRENO D = 300 MM,,0.0,,,0.0,MATERIAL
EMPAQUES DE NEOPRENO D = 80 MM,,0.0,,,0.0,MATERIAL
EMPAQUES DE NEOPRENO D= 200 MM,,0.0,,,0.0,MATERIAL
EMPAQUES DE NEOPRENO D= 250 MM,,0.0,,,0.0,MATERIAL
EMPAQUES DE NEOPRENO D= 300 MM,,0.0,,,0.0,MATERIAL
EMPAQUES DE NEOPRENO D= 400 MM,,0.0,,,0.0,MATERIAL
EMPAQUES DE NEOPRENO DN 100 MM,,0.0,,,0.0,MATERIAL
EMPAQUES DE NEOPRENO DN 150 MM,,0.0,,,0.0,MATERIAL
EMPAQUES DE NEOPRENO DN 200 MM,,0.0,,,0.0,MATERIAL
EMPAQUES DE NEOPRENO DN 250 MM,,0.0,,,0.0,MATERIAL
EMPAQUES DE NEOPRENO DN 300 MM,,0.0,,,0.0,MATERIAL
EMPAQUES DE NEOPRENO DN 400 MM,,0.0,,,0.0,MATERIAL
EMPAQUES DE NEOPRENO DN 80 MM,,0.0,,,0.0,MATERIAL
EMPAQUES DE NEOPRENO DN 900 MM,,0.0,,,0.0,MATERIAL
EMPAQUES DN = 100 MM,,0.0,,,0.0,MATERIAL
EMPAQUES DN = 100X50 MM,,0.0,,,0.0,MATERIAL
EMPAQUES DN = 150 MM,,0.0,,,0.0,MATERIAL
EMPAQUES DN = 150X100 MM,,0.0,,,0.0,MATERIAL
EMPAQUES DN = 150X250 MM,,0.0,,,0.0,MATERIAL
EMPAQUES DN = 200 MM,,0.0,,,0.0,MATERIAL
EMPAQUES DN = 200X100 MM,,0.0,,,0.0,MATERIAL
EMPAQUES DN = 200X150 MM,,0.0,,,0.0,MATERIAL
EMPAQUES DN = 250 MM,,0.0,,,0.0,MATERIAL
EMPAQUES DN = 300 MM,,0.0,,,0.0,MATERIAL
EMPAQUES DN = 300X200 MM,,0.0,,,0.0,MATERIAL
EMPAQUES DN = 300X80 MM,,0.0,,,0.0,MATERIAL
EMPAQUES DN = 400 MM,,0.0,,,0.0,MATERIAL
EMPAQUES DN = 50 MM,,0.0,,,0.0,MATERIAL
EMPAQUES DN = 80 MM,,0.0,,,0.0,MATERIAL
EMPAQUES DN = 80 X 50 MM,,0.0,,,0.0,MATERIAL
EMPAQUES DN = 900 MM,,0.0,,,0.0,MATERIAL
EMPASTE IMPERMEABLE A BASE DE CEMENTO,,0.0,,,0.0,MATERIAL
ENCOFRADO DE ESTRUCTURAS,m,0.0,,,0.0,MATERIAL
ENCOFRADO DE ESTRUCTURAS,,0.0,,,0.0,MATERIAL
ENCOFRADO METALICO,,0.05,,,0.0,EQUIPO
ENCOFRADO METÁLICO MÓDULO CIRCULAR.,,0.0,,,0.0,EQUIPO
ENCOFRADO METÁLICO MÓDULO CIRCULAR.,,0.625,,,0.0,EQUIPO
ENCOFRADO RECTO,,0.0,,,0.0,MATERIAL
ENCOFRADO TABLERO LOSA,,0.0,,,0.0,EQUIPO
ENCOFRADOR O CARPINTERO DE RIBERA E. O. D2,,4.39,541210012,ND,0.3809,MANO DE OBRA
EQUIPO AIRLESS,,0.0,,,0.0,EQUIPO
EQUIPO DE CERTIFICACION DE CABLEADO,,0.0,,,0.0,EQUIPO
EQUIPO DE CERTIFICACION DE CABLEADO.,,0.0,,,0.0,EQUIPO
EQUIPO DE CERTIFICACIÓN DE CABLEADO,,0.0,,,0.0,EQUIPO
EQUIPO DE CERTIFICACIÓN DE CABLEADO.,,0.0,,,0.0,EQUIPO
EQUIPO DE CORTE Y SUELDA.,,0.0,,,0.0,EQUIPO
EQUIPO DE INYECCIÓN,,0.0,,,0.0,EQUIPO
EQUIPO DE OXICORTE,,0.0,,,0.0,EQUIPO
EQUIPO DE PINTURA,,0.0,,,0.0,EQUIPO
EQUIPO DE PROTECCIÓN DE INCENDIOS (EXTINTOR 20 LBS),,0.0,,,0.0,MATERIAL
EQUIPO DE SUELDA,,0.0,,,0.0,EQUIPO
EQUIPO DE SUELDA AUTÓGENA,,0.0,,,0.0,EQUIPO
EQUIPO DE TOPOGRAFÍA,,3.75,,,0.0,EQUIPO
EQUIPO PERFORADOR PARA ANCLAJE (INCLUYE BARRENO),,0.0,,,0.0,EQUIPO
ESPESANTE,,0.0,,,0.0,MATERIAL
ESTACAS,u,0.5,,,0.0,MATERIAL
"ESTACIÓN DE CLASIFICACIÓN DE RESIDUOS CON 3 CANECAS DE 35 LITROS DE ACERO COLL ROLD CALIBRE 18, Y PLÁSTICO, CADA UNA CON TAPA VAIVÉN PARA SEPARACIÓN DE RESIDUOS SÓLIDOS.",,0.0,,,0.0,MATERIAL
"ESTACIÓN DE TRABAJO, CORE I7 - 32 GB RAM - 1 TB DISCO DURO SSD",,0.0,,,0.0,MATERIAL
ESTRIBO DE VARILLA 16MM GALVANIZADO EN CALIENTE (POZOS ALC.),u,5.4,,,0.0,MATERIAL
ESTRIBO DE VARILLA 16MM GALVANIZADO EN CALIENTE (POZOS ALC.),,0.0,,,0.0,MATERIAL
ESTUCO PARA PAREDES EXTERIORES,,0.0,,,0.0,MATERIAL
EXCAVACIÓN A MÁQUINA EN SUELO SIN CLASIFICAR,,0.0,,,0.0,MATERIAL
EXCAVADORA SOBRE ORUGAS,,0.0,,,0.0,EQUIPO
"EXCAVADORA SOBRE ORUGAS (H=4,00 - 6,00M)",,0.0,,,0.0,EQUIPO
"EXCAVADORA SOBRE ORUGAS (H=4,00 - 6,00M).",,0.0,,,0.0,EQUIPO
EXCAVADORA SOBRE ORUGAS.,,0.0,,,0.0,EQUIPO
EXCAVADORA SOBRE ORUGAS. 130 HP.,,0.0,,,0.0,EQUIPO
Electrodo,,0.0,,,0.0,MATERIAL
Electrodo # 6011,,0.0,,,0.0,MATERIAL
Electrodo #6011 1/8,,0.0,,,0.0,MATERIAL
Electrodos Acero Inoxidable,,0.0,,,0.0,MATERIAL
Epóxico aséptico (2 componentes),,0.0,,,0.0,MATERIAL
Epóxico grado sanitario con resistencia química (2 componentes),,0.0,,,0.0,MATERIAL
Equalizador de potencial 100ka,,0.0,,,0.0,MATERIAL
Equipo automatización puerta vehicular,,0.0,,,0.0,MATERIAL
Equipo de Suelda /Autogena,,0.0,,,0.0,EQUIPO
Equipo de oxicorte,,0.0,,,0.0,EQUIPO
Escalera telescópica manual,,0.0,,,0.0,EQUIPO
Estructura de acero galvanizado para cielo raso,,0.0,,,0.0,MATERIAL
Extintor 10 libras CO2,,0.0,,,0.0,MATERIAL
Extintor 10 libras PQS ABC recargable,,0.0,,,0.0,MATERIAL
"FILTRO BANDA, TOLVA DE UNION, BASTIDOR DE ACERO INOX. 304 L LINEA DE LAVADO CON CEPILLOS INTERNOS",,0.0,,,0.0,MATERIAL
FLOCULADOR AGITADO 400 LT,,0.0,,,0.0,MATERIAL
FONDO PARA PARED,,0.0,,,0.0,MATERIAL
"FUENTE DE ALIMENTACIÓN DE 100-240/ 24 VDC 10W 0,42 A SALIDA",,0.0,,,0.0,MATERIAL
FUENTE PARA PLC 100/240VCA 36W,,0.0,,,0.0,MATERIAL
Fibra de polipropileno o sintética,,0.0,,,0.0,MATERIAL
Fibra óptica multimodo OM3 6 hilos aislamiento PVC,,0.0,,,0.0,MATERIAL
Filtro tipo Y y cartucho,,0.0,,,0.0,MATERIAL
Filtro tipo strainer,,0.0,,,0.0,MATERIAL
Fondo falso similar a Leopold (Incluye retenedor de medios; tamaño 200 micrómetros y accesorios),,0.0,,,0.0,MATERIAL
Fregadero inoxidable,,0.0,,,0.0,MATERIAL
Fuente de alimentación ingreso: 220/110 VAC salida: 24 VDC 10A,,0.0,,,0.0,MATERIAL
Fuente de alimentación ingreso: 220/110 vac salida: 24 vdc 10a,,0.0,,,0.0,MATERIAL
Fuente de poder 24 VDC,,0.0,,,0.0,MATERIAL
Fuente de poder 24 vdc,,0.0,,,0.0,MATERIAL
GEOTEXTIL NT2000,,0.0,,,0.0,MATERIAL
GRASA LUBRICANTE,,0.0,,,0.0,MATERIAL
GRASA LUBRICANTE.,,0.0,,,0.0,MATERIAL
GRUA MOVIL,,0.0,,,0.0,EQUIPO
GRÚA MÓVIL,,0.0,,,0.0,EQUIPO
Gabinete De Incendio 80cmx80xcm Incluye Equipamiento,,0.0,,,0.0,MATERIAL
Galvalume 0.40mm prepintado incluye accesorios,,0.0,,,0.0,MATERIAL
Grata para amoladora,,0.0,,,0.0,MATERIAL
Grifería para lavamanos,,0.0,,,0.0,MATERIAL
Grupo electrogeno 750 KVA Inc. Panel de control,,0.0,,,0.0,MATERIAL
Grúa 10 Toneladas,,0.0,,,0.0,EQUIPO
Grúa Móvil,,0.0,,,0.0,EQUIPO
Grúa móvil,,0.0,,,0.0,EQUIPO
HERRAMIENTA ELECTRICA GENERAL,,0.0,,,0.0,EQUIPO
HERRAMIENTA ELECTRICA GENERAL.,,0.0,,,0.0,EQUIPO
HERRAMIENTA ELÉCTRICA GENERAL,,0.0,,,0.0,EQUIPO
HERRAMIENTA ELÉCTRICA GENERAL.,,0.0,,,0.0,EQUIPO
HERRAMIENTA GENERAL ELÉCTRICA,,0.0,,,0.0,EQUIPO
HERRAMIENTA GENERAL ELÉCTRICA.,,0.0,,,0.0,EQUIPO
HERRAMIENTA MANUAL.,,0.0,,,0.0,EQUIPO
HERRAMIENTA MENOR.,,0.0,,,0.0,EQUIPO
"HMI 7"" ETHERNET 480 PIXEL",,0.0,,,0.0,MATERIAL
"HMI 7"" ETHERNET 480 PÍXEL",,0.0,,,0.0,MATERIAL
HORMIGON ASFALTICO MEZCLA EN PLANTA,,0.0,,,0.0,MATERIAL
HORMIGON DE POZO F'C=180KG/CM2 REPLANTILLO,,0.0,,,0.0,MATERIAL
HORMIGON DE POZO F'C=180KG/CM2 REPLANTILLO,m3,90.0,,,0.0,MATERIAL
HORMIGON PREMEZCLADO F'C = 240 KG/CM2,,0.0,,,0.0,MATERIAL
"HORMIGON PREMEZCLADO F'C=280KG/CM2 - A/C 0,45",,0.0,,,0.0,MATERIAL
"HORMIGON PREMEZCLADO F'C=280KG/CM2 - A/C 0,45",m3,112.23,,,0.0,MATERIAL
"HORMIGON PREMEZCLADO F´C=300 KG/CM2 - A/C 0,42 - INCL ADITIVO",m3,120.63,,,0.0,MATERIAL
HORMIGON SIMPLE F´C 210 KG/CM2,m3,0.0,,,0.0,MATERIAL
HORMIGON SIMPLE F´C 210 KG/CM2,,0.0,,,0.0,MATERIAL
HORMIGÓN PREMEZCLADO (RESISTENCIA SEGÚN RUBRO),m3,93.52,,,0.0,MATERIAL
HORMIGÓN PREMEZCLADO (RESISTENCIA SEGÚN RUBRO),m3,97.33,,,0.0,MATERIAL
HORMIGÓN PREMEZCLADO F'C = 210 KG/CM2,,0.0,,,0.0,MATERIAL
HORMIGÓN PREMEZCLADO F'C=210KG/CM2,,0.0,,,0.0,MATERIAL
HORMIGÓN PREMEZCLADO INCLUYE ADITIVO,,0.0,,,0.0,MATERIAL
Helicóptero,,0.0,,,0.0,EQUIPO
Herramienta Manual,,0.0,,,0.0,EQUIPO
Herramienta Manual/Poleas,,0.0,,,0.0,EQUIPO
Herramienta Menor 5% M.O.,,0.0,,,0.0,EQUIPO
Herramienta manua,,0.0,,,0.0,EQUIPO
Herramienta manuaL,,0.0,,,0.0,EQUIPO
Herramienta manual,,0.0,,,0.0,EQUIPO
Herramienta manual.,,0.0,,,0.0,EQUIPO
Herramienta menor,,0.0,,,0.0,EQUIPO
"Hormigón (Arena, Ripio, Agua, Cemento)",,0.0,,,0.0,MATERIAL
Hormigón premezclado fç=280kg/cm2 A/C 0.45 incluye aditivo,,0.0,,,0.0,MATERIAL
IMPERMEABILIZANTE PARA MORTEROS,,0.0,,,0.0,MATERIAL
"INODORO TANQUE BAJO, INC. ACCESORIOS, TUBOS DE ABASTO, VÁLVULAS DE CIERRE Y LLAVES (CLASE A)",,0.0,,,0.0,MATERIAL
INSPECTOR DE OBRA E. O. B3,,4.88,541210012,ND,0.3809,MANO DE OBRA
"INTERRUPTOR AUTOMÁTICO 1 P 0,5 A",,0.0,,,0.0,MATERIAL
INTERRUPTOR AUTOMÁTICO 1 P 10 A,,0.0,,,0.0,MATERIAL
INTERRUPTOR AUTOMÁTICO 1 P 16 A,,0.0,,,0.0,MATERIAL
INTERRUPTOR AUTOMÁTICO 1 P 32 A,,0.0,,,0.0,MATERIAL
INTERRUPTOR AUTOMÁTICO 2 P 10 A,,0.0,,,0.0,MATERIAL
INTERRUPTOR AUTOMÁTICO 2 P 20 A,,0.0,,,0.0,MATERIAL
INTERRUPTOR AUTOMÁTICO 2 P 3 A,,0.0,,,0.0,MATERIAL
INTERRUPTOR AUTOMÁTICO 2 P 32 A,,0.0,,,0.0,MATERIAL
INTERRUPTOR AUTOMÁTICO 2 P 6 A,,0.0,,,0.0,MATERIAL
INTERRUPTOR AUTOMÁTICO 3 P 1 A,,0.0,,,0.0,MATERIAL
INTERRUPTOR AUTOMÁTICO 3 P 10 A,,0.0,,,0.0,MATERIAL
INTERRUPTOR AUTOMÁTICO 3 P 100 A,,0.0,,,0.0,MATERIAL
INTERRUPTOR AUTOMÁTICO 3 P 16 A,,0.0,,,0.0,MATERIAL
INTERRUPTOR AUTOMÁTICO 3 P 2 A,,0.0,,,0.0,MATERIAL
INTERRUPTOR AUTOMÁTICO 3 P 3 A,,0.0,,,0.0,MATERIAL
INTERRUPTOR AUTOMÁTICO 3 P 32 A,,0.0,,,0.0,MATERIAL
INTERRUPTOR AUTOMÁTICO 3 P 4 A,,0.0,,,0.0,MATERIAL
INTERRUPTOR AUTOMÁTICO 3 P 6 A,,0.0,,,0.0,MATERIAL
INTERRUPTOR AUTOMÁTICO 3 P 80 A,,0.0,,,0.0,MATERIAL
INTERRUPTOR AUTOMÁTICO PARA ILUMINACIÓN 1 P 10 A,,0.0,,,0.0,MATERIAL
"INTERRUPTOR DOBLE DE PLACA 10 A, 250 VAC - TIPO INTEMPERIE.",,0.0,,,0.0,MATERIAL
"INTERRUPTOR DOBLE DE PLACA 10 A, 250 VAC - TIPO INTERRUPTOR SIMPLE DE PLACA 10 A, 250 VAC - TIPO INTEMPERIE.",,0.0,,,0.0,MATERIAL
"INTERRUPTOR MAGNETO-TERMICO 0,25-0,44 A",,0.0,,,0.0,MATERIAL
"INTERRUPTOR MAGNETO-TERMICO 2,5-4 A",,0.0,,,0.0,MATERIAL
"INTERRUPTOR MAGNETO-TERMICO 4-6,3 A",,0.0,,,0.0,MATERIAL
INTERRUPTOR MAGNETO-TERMICO 56-80 A,,0.0,,,0.0,MATERIAL
"INTERRUPTOR MAGNETO-TERMICO 6,3-10 A",,0.0,,,0.0,MATERIAL
"INTERRUPTOR MAGNETO-TÉRMICO 0,25-0,44 A",,0.0,,,0.0,MATERIAL
INTERRUPTOR TERMOMAGNÉTICO CAJA MOLDEADA DE 400 A,,0.0,,,0.0,MATERIAL
Impermeabilizante integral líquido para morteros y enlucidos,,0.0,,,0.0,MATERIAL
Inodoro,,0.0,,,0.0,MATERIAL
Interruptor Simple Con Luz Piloto,,0.0,,,0.0,MATERIAL
Interruptor con interbloqueo mecánico 1600 A,,0.0,,,0.0,MATERIAL
Interruptor de 1000 A salida generador,,0.0,,,0.0,MATERIAL
Interruptor principal alimentación 100 a,,0.0,,,0.0,MATERIAL
Interruptores bipolares para protección de cargas 220 VAC,,0.0,,,0.0,MATERIAL
"Interruptores unipolares para protección de cargas 110 VAC, 2A",,0.0,,,0.0,MATERIAL
"Interruptores unipolares para protección de cargas 110 VAC, 2a",,0.0,,,0.0,MATERIAL
"Interruptores unipolares para protección de cargas 110 vac, 2a",,0.0,,,0.0,MATERIAL
"Interruptores unipolares para protección de cargas 24 VDC, 2a",,0.0,,,0.0,MATERIAL
"Interruptores unipolares para protección de cargas 24 vdc, 2a",,0.0,,,0.0,MATERIAL
Interruptores unipolares para protección de cargas 460 VAC,,0.0,,,0.0,MATERIAL
"Invitaciones full color A5 evento asamblea comunitaria, incluye entrega",,0.0,,,0.0,MATERIAL
"JUNTA DE DESMONTAJE HD, DN 100 MM, PN 10",,0.0,,,0.0,MATERIAL
"JUNTA DE DESMONTAJE HD, DN 150 MM, PN 10",,0.0,,,0.0,MATERIAL
"JUNTA DE DESMONTAJE HD, DN 200 MM, PN 10",,0.0,,,0.0,MATERIAL
"JUNTA DE DESMONTAJE HD, DN 250 MM, PN 10",,0.0,,,0.0,MATERIAL
"JUNTA DE DESMONTAJE HD, DN 300 MM, PN 10",,0.0,,,0.0,MATERIAL
"JUNTA DE DESMONTAJE HD, DN 400 MM, PN 10",,0.0,,,0.0,MATERIAL
"JUNTA DE DESMONTAJE HD, DN 80 MM, PN 10",,0.0,,,0.0,MATERIAL
"JUNTA DE DESMONTAJE HD, DN 900 MM, PN 10",,0.0,,,0.0,MATERIAL
"JUNTA DE DESMONTAJE HD, DN=100 MM, PN 10",,0.0,,,0.0,MATERIAL
Junta de Neopreno,,0.0,,,0.0,MATERIAL
Juntas Impermeables PVC 15 cm,,0.0,,,0.0,MATERIAL
KIT ANTIDERRAME DE COMBUSTIBLES.,,0.0,,,0.0,MATERIAL
KIT DE MONTAJE PARA TERMINAL,,0.0,,,0.0,MATERIAL
"KIT DE MONTAJE, PARA SENSOR DE NIVEL DE LODOS",,0.0,,,0.0,MATERIAL
LADRILLO VISTO 2H 13X09X28 CM,,0.0,,,0.0,MATERIAL
LAMPARA LED 250 W 110/277 V MONTAJE SUPERFICIAL INC. COBERTURA Y FOTOCELDA,,0.0,,,0.0,MATERIAL
"LAVABO, INC. ACCESORIOS, TUBOS DE ABASTO, VÁLVULAS DE CIERRE Y LLAVES (CLASE A)",,0.0,,,0.0,MATERIAL
"LED cuadrada, 40W, 4000 K, 1000 lumen, 120V, 60HZ, 30000 horas.",,0.0,,,0.0,MATERIAL
LIJA,,0.0,,,0.0,MATERIAL
LIJA HOJA,,0.0,,,0.0,MATERIAL
LIQUIDO LIMPIADOR DE TUBERIA PVC,,0.0,,,0.0,MATERIAL
"LLAVE DE PASO 1/2""",,0.0,,,0.0,MATERIAL
"LONA MESH IMPRESA FULL COLOR INCLUYE OJALES METÁLICOS POR CADA 0,5 M",,0.0,,,0.0,MATERIAL
LOSA DE HORMIGÓN ARMADO (E = 7CM) 8 MM C/8CM (RETICULADA),,0.0,,,0.0,MATERIAL
LUBICANTE VEGETAL,,0.0,,,0.0,MATERIAL
LUZ PILOTO CUERPO METALICO ROJO 110 VAC,,0.0,,,0.0,MATERIAL
LUZ PILOTO CUERPO METALICO VERDE 110 VAC,,0.0,,,0.0,MATERIAL
LUZ PILOTO CUERPO METÁLICO ROJO 110 VAC,,0.0,,,0.0,MATERIAL
LUZ PILOTO CUERPO METÁLICO VERDE 110 VAC,,0.0,,,0.0,MATERIAL
Laca brillante,,0.0,,,0.0,MATERIAL
Lampara de emergencia (Inc. Encendido automático),,0.0,,,0.0,MATERIAL
Lana de fibra de vidrio,,0.0,,,0.0,MATERIAL
Lavamanos económico,,0.0,,,0.0,MATERIAL
Llave Pressmatic para urinario,,0.0,,,0.0,MATERIAL
Llave angular,,0.0,,,0.0,MATERIAL
"LÁMPARA DE EMERGENCIA LED CON BPS, 6000K, 120-277 VAC",,0.0,,,0.0,MATERIAL
"LÁMPARA SOBREPUESTA CON TUBO LED 1X46 W 4000K, IP65.",,0.0,,,0.0,MATERIAL
Lámpara HPS 250 W 110/220/480 V montaje en poste inc. Cobertura,,0.0,,,0.0,MATERIAL
Lámpara HPS 250 W 110/220/480 V montaje superficial inc. Cobertura,,0.0,,,0.0,MATERIAL
Lámpara Led Alumbrado Emergencia,,0.0,,,0.0,MATERIAL
Lámpara Panel Led De 400W 0.6*0.6 m -6500k Incl. Accesorios Sobreponer/Empotrar,,0.0,,,0.0,MATERIAL
Lámpara estroboscópica,,0.0,,,0.0,MATERIAL
Líquido limpiador,,0.0,,,0.0,MATERIAL
MAESTRO MAYOR EN EJECUCIÓN DE OBRAS CIVILES E. O. C1,,4.87,541210012,ND,0.3809,MANO DE OBRA
MALLA DE CARRAMIENTO 50/10,,0.0,,,0.0,MATERIAL
"MALLA ELECTROSOLDADA R131, 15 X 15 CM, D = 5 MM",,0.0,,,0.0,MATERIAL
MALLA ELECTROSOLDADA fy=5000kg/cm2,,0.0,,,0.0,MATERIAL
MAMPOSTERÍA DE LADRILLO 15CM,,0.0,,,0.0,MATERIAL
MARTILLO ELÉCTRICO,,0.0,,,0.0,EQUIPO
MARTILLO MECANICO,,0.0,,,0.0,EQUIPO
MARTILLO MECÁNICO (PIONJER),,0.0,,,0.0,EQUIPO
MATERIAL DE PRÉSTAMO,,0.0,,,0.0,MATERIAL
"MEDIDOR ELECTROMAGNÉTICO DE CAUDAL 200 MM - 08"", B-B, HD PN 10",,0.0,,,0.0,MATERIAL
"MEDIDOR ELECTROMAGNÉTICO DE CAUDAL 250 MM - 10"", B-B, HD PN 10",,0.0,,,0.0,MATERIAL
"MEDIDOR ELECTROMAGNÉTICO DE CAUDAL 300 MM - 12"", B-B, HD PN 10",,0.0,,,0.0,MATERIAL
"MEDIDOR ELECTROMAGNÉTICO DE CAUDAL 400 MM - 16"", B-B. HD PN 10",,0.0,,,0.0,MATERIAL
MICROESFERAS REFLECTIVAS,,0.0,,,0.0,MATERIAL
MONTACARGA,,0.0,,,0.0,EQUIPO
MONTACARGA.,,0.0,,,0.0,EQUIPO
"MORTERO (AGUA, ARENA PUESTA EN OBRA, CEMENTO PORTLAND)",,0.0,,,0.0,MATERIAL
"MORTERO (CEENTO PORTLAND, ARENA PUESTA EN OBRA, AGUA )",,0.0,,,0.0,MATERIAL
"MORTERO (CEMENTO, ARENA, AGUA)",,0.0,,,0.0,MATERIAL
MORTERO ARENA CEMENTO 1:3,,0.0,,,0.0,MATERIAL
MORTERO PARA PORCELANATO.,,0.0,,,0.0,MATERIAL
Manguera flex reforzada 1”,,0.0,,,0.0,MATERIAL
Manómetros,,0.0,,,0.0,MATERIAL
"Maquinado de eje, soporte giratorio y cortes",,0.0,,,0.0,MATERIAL
Masilla para juntas de placas de yeso,,0.0,,,0.0,MATERIAL
Master station - sistema de actuadores,,0.0,,,0.0,MATERIAL
Material fibro-mineral para cielo raso,,0.0,,,0.0,MATERIAL
Material granular (ripio o grava),,0.0,,,0.0,MATERIAL
Medidor de cloro residual en línea (Incl. Sensores y Accesorios),,0.0,,,0.0,MATERIAL
Medidor de energía,,0.0,,,0.0,MATERIAL
"Medidor de flujo másico de aire, v mínima 50 m/s, presión máxima 50 bar",,0.0,,,0.0,MATERIAL
Medidor turbidez para medición en línea tecnología IR LED (0-20 NTU) (Incl. Sensor y accesorios),,0.0,,,0.0,MATERIAL
Medio Depurador o Neutralizante,,0.0,,,0.0,MATERIAL
"Molde cable a superficie, tipo vb, cable 2/0 AWG, carga 115 GRMS",,0.0,,,0.0,MATERIAL
"Molde cable a varilla tipo gt, varilla 5/8"" a cable 2/0 AWG, carga 115 GRMS",,0.0,,,0.0,MATERIAL
Molde horizontal xa para cable 2/0 AWG a 2/0 AWG carga 115 GRMS,,0.0,,,0.0,MATERIAL
Molde t horizontal para cable 2/0 AWG a 2/0 AWG carga 90grms,,0.0,,,0.0,MATERIAL
"Molde t horizontal para cable 2/0 AWG a 4 AWG, carga 90grms",,0.0,,,0.0,MATERIAL
Montacargas (Hora),,0.0,,,0.0,EQUIPO
Mortero (Agua Arena Cemento),,0.0,,,0.0,MATERIAL
"Mortero (Arena, Agua, Cemento)",,0.0,,,0.0,MATERIAL
Mortero Fluido tres componentes base epóxico para nivelación,,0.0,,,0.0,MATERIAL
Mortero adhesivo para cerámicas y porcelana,,0.0,,,0.0,MATERIAL
Mortero adhesivo para cerámicas y porcelanatos,,0.0,,,0.0,MATERIAL
Motor de Accionamiento,,0.0,,,0.0,MATERIAL
Motor eléctrico,,0.0,,,0.0,MATERIAL
MÓDULO ANDAMIO,,0.0,,,0.0,EQUIPO
"MÓDULO DE 16 ENTRADAS DIGITALES DE 100,120 VAC PARA PLC",,0.0,,,0.0,MATERIAL
MÓDULO DE 16 ENTRADAS DIGITALES DE 100/120 VAC PARA PLC,,0.0,,,0.0,MATERIAL
MÓDULO DE 2 FIBRA OPTICA MULTIMODO Y 2 PUERTOS RJ45,,0.0,,,0.0,MATERIAL
MÓDULO DE 2 FIBRA ÓPTICA MULTIMODO Y 2 PUERTOS RJ45,,0.0,,,0.0,MATERIAL
MÓDULO DE 4 ENTRADAS ANALÓGICAS DE ALTA VELOCIDAD,,0.0,,,0.0,MATERIAL
MÓDULO DE 8 ENTRADAS ANALÓGICAS TIPO HART,,0.0,,,0.0,MATERIAL
MÓDULO DE 8 SALIDAS TIPO RELE PARA PLC 12…24 VDC/24…240 VAC,,0.0,,,0.0,MATERIAL
MÓDULO DE 8 SALIDAS TIPO RELÉ PARA PLC 12…24 VDC/24…240 VAC,,0.0,,,0.0,MATERIAL
MÓDULO DE ESCANEO ETHERNET MODBUS,,0.0,,,0.0,MATERIAL
"MÓDULO SWITCH, 3 PORTS PARA PLC",,0.0,,,0.0,MATERIAL
Módulo de control,,0.0,,,0.0,MATERIAL
Módulo de sedimentación acelerada ABS (Altura mínima 1.03 m),,0.0,,,0.0,MATERIAL
"NEPLO ACERO ASTM A53 Ø 1 1/2"" L=0,10",,0.0,,,0.0,MATERIAL
"NEPLO ACERO ASTM A53 Ø 2 1/2"" L=0,15",,0.0,,,0.0,MATERIAL
"NEPLO ACERO ASTM A53 Ø 2 1/2"" L=0,5",,0.0,,,0.0,MATERIAL
"NEPLO PVC PRESION D = 1/2"" X 2""",,0.0,,,0.0,MATERIAL
OP. EQ. PESADO (CARGADORA FRONTAL)  E. O. C1,,4.87,541210012,ND,0.3809,MANO DE OBRA
OXIGENO,,0.0,,,0.0,MATERIAL
OXÍGENO,,0.0,,,0.0,MATERIAL
Oxigeno,,0.0,,,0.0,MATERIAL
Oxígeno,,0.0,,,0.0,MATERIAL
"PASAMANOS TUBO DE ACERO D = 2"", H = 1.20 M, (INC. PINTURA ANTICORROSIVA)",,0.0,,,0.0,MATERIAL
"PASAMURO HD, DN = 200 MM, L=0.70M, B-L, PN10",,0.0,,,0.0,MATERIAL
"PASAMURO HD, DN = 400 MM, L=0.50M, B-L, PN10",,0.0,,,0.0,MATERIAL
"PASAMURO HD, DN = 80 MM, L=0.40M, B-B, PN10",,0.0,,,0.0,MATERIAL
"PASAMURO HD, DN = 900 MM, L=0.70 M, PN 10, B-L",,0.0,,,0.0,MATERIAL
"PASAMURO HD, DN=100 MM, L=0.85M, B-B, PN10",,0.0,,,0.0,MATERIAL
"PASAMURO HD, DN=100 MM, L=0.85M, B-L, PN10",,0.0,,,0.0,MATERIAL
"PASAMURO L=0.40 M HD, DN = 200 MM, PN 10, B-B",,0.0,,,0.0,MATERIAL
"PASAMURO L=0.55 M HD, DN = 150 MM, PN 10, B-B",,0.0,,,0.0,MATERIAL
"PASAMURO L=0.60 M PN10, DN = 150 MM, HD, B-L",,0.0,,,0.0,MATERIAL
"PASAMURO L=0.70 M PN10, DN = 100 MM, ACERO INOX. 304, BB",,0.0,,,0.0,MATERIAL
"PASAMURO L=0.70 M PN10, DN = 150 MM, HD, B-B",,0.0,,,0.0,MATERIAL
"PASAMURO L=0.70 M PN10, DN = 400 MM, HD, B-L",,0.0,,,0.0,MATERIAL
"PASAMURO L=1.00 M HD, DN = 250 MM, PN 10, B-L",,0.0,,,0.0,MATERIAL
"PASAMURO L=1.20 M PN 10 , DN = 300 MM, HD, L-L",,0.0,,,0.0,MATERIAL
PEGA LIQUIDA DE TUBERIA PVC,,0.0,,,0.0,MATERIAL
PEGA PARA TUBERIAS DE PVC,,0.0,,,0.0,MATERIAL
"PERFIL DE HIERRO ANGULO, 1 1/2"" X 1/8""",,0.0,,,0.0,MATERIAL
"PERNO AUTOPERFORANTE B CORTO DE 2"" PARA CUBIERTA INCL. CAPUCHONES",,0.0,,,0.0,MATERIAL
"PERNO AUTOPERFORANTE SUSTITUTO A 7/8"" PARA CUMBRERO INCL. CAPUCHONES",,0.0,,,0.0,MATERIAL
PERNOS D = 150 MM,,0.0,,,0.0,MATERIAL
PERNOS D = 200 MM,,0.0,,,0.0,MATERIAL
PERNOS DE ACERO INOXIDABLE D = 100 MM,,0.0,,,0.0,MATERIAL
PERNOS DE ACERO INOXIDABLE D = 300 MM,,0.0,,,0.0,MATERIAL
PERNOS DE ACERO INOXIDABLE D = 80 MM,,0.0,,,0.0,MATERIAL
PERNOS DE ACERO INOXIDABLE D= 100 MM,,0.0,,,0.0,MATERIAL
PERNOS DE ACERO INOXIDABLE D= 150 MM,,0.0,,,0.0,MATERIAL
PERNOS DE ACERO INOXIDABLE D= 200 MM,,0.0,,,0.0,MATERIAL
PERNOS DE ACERO INOXIDABLE D= 250 MM,,0.0,,,0.0,MATERIAL
PERNOS DE ACERO INOXIDABLE D= 300 MM,,0.0,,,0.0,MATERIAL
PERNOS DE ACERO INOXIDABLE D= 400 MM,,0.0,,,0.0,MATERIAL
PERNOS DE ACERO INOXIDABLE D= 50 MM,,0.0,,,0.0,MATERIAL
PERNOS DE ACERO INOXIDABLE D= 80 MM,,0.0,,,0.0,MATERIAL
PERNOS DE ANCLAJE A 307,,0.0,,,0.0,MATERIAL
"PERNOS DE ANCLAJE HG D = 1"" X 0,80 M, INCLUYE TUERCAS Y ARANDELAS",,0.0,,,0.0,MATERIAL
PERNOS DN = 100 MM,,0.0,,,0.0,MATERIAL
PERNOS DN = 100X50 MM,,0.0,,,0.0,MATERIAL
PERNOS DN = 150 MM,,0.0,,,0.0,MATERIAL
PERNOS DN = 150X100 MM,,0.0,,,0.0,MATERIAL
PERNOS DN = 150X250 MM,,0.0,,,0.0,MATERIAL
PERNOS DN = 200 MM,,0.0,,,0.0,MATERIAL
PERNOS DN = 200X100 MM,,0.0,,,0.0,MATERIAL
PERNOS DN = 200X150 MM,,0.0,,,0.0,MATERIAL
PERNOS DN = 250 MM,,0.0,,,0.0,MATERIAL
PERNOS DN = 300 MM,,0.0,,,0.0,MATERIAL
PERNOS DN = 300X200 MM,,0.0,,,0.0,MATERIAL
PERNOS DN = 300X80 MM,,0.0,,,0.0,MATERIAL
PERNOS DN = 400 MM,,0.0,,,0.0,MATERIAL
PERNOS DN = 50 MM,,0.0,,,0.0,MATERIAL
PERNOS DN = 80 MM,,0.0,,,0.0,MATERIAL
PERNOS DN = 80 X 50 MM,,0.0,,,0.0,MATERIAL
PERNOS DN = 900 MM,,0.0,,,0.0,MATERIAL
PEÓN E. O. E2,,4.34,541210012,ND,0.3809,MANO DE OBRA
PIEDRA BOLA,,0.0,,,0.0,MATERIAL
PIEDRA BOLA (EN OBRA),,0.0,,,0.0,MATERIAL
PIEDRA CARBORUNDUM,,0.0,,,0.0,MATERIAL
PINTURA ACRÍLICA SATINADA PRIMERA CALIDAD,,0.0,,,0.0,MATERIAL
PINTURA ANTICORROSIVA,,0.0,,,0.0,MATERIAL
PINTURA ESMALTE,,0.0,,,0.0,MATERIAL
PINTURA ESMALTE O SIMILAR,gal,16.88,,,0.0,MATERIAL
PINTURA PARA INTERIOR Y EXTERIOR,,0.0,,,0.0,MATERIAL
PINTURA PARA TRÁFICO,,0.0,,,0.0,MATERIAL
"PLACA DE ANCLAJE HG 0,28 X 0,28 M; E = 1/2""",,0.0,,,0.0,MATERIAL
"PLACA DE NEOPRENO  (0,20 mX0,10mX0,025m)",,0.0,,,0.0,MATERIAL
PLANCHA DE ACERO A 36,,0.0,,,0.0,MATERIAL
PLATAFORMA (INCLUYE CABEZAL),,0.0,,,0.0,EQUIPO
PLC (Control Lógico Programable),,0.0,,,0.0,MATERIAL
PLC 12 SLOTS ETHERNET BACKPLANE,,0.0,,,0.0,MATERIAL
PLC 8 SLOTS ETHERNET BACKPLANE,,0.0,,,0.0,MATERIAL
PLC REDUNDANTE CON ESTACIONE REMOTAS,,0.0,,,0.0,MATERIAL
PLC12 SLOTS ETHERNET BACKPLANE,,0.0,,,0.0,MATERIAL
PLÁSTICO DE POLIETILENO CALIBRE 600 (3 USOS),,0.0,,,0.0,MATERIAL
"POLIPASTO ELÉCTRICO A CABLE CAP. 2 TN, ALTURA
IZAJE 5M, DOBLE VELOCIDAD (0,8–5,0) (5,0–20,0) M/MIN,
3,5 KW.",,0.0,,,0.0,MATERIAL
"POLIPASTO ELÉCTRICO A CABLE CAP. 5 TN, ALTURA
IZAJE 5M, DOBLE VELOCIDAD (0,8–5,0) (5,0–20,0) M/MIN,
5,5 KW.",,0.0,,,0.0,MATERIAL
PORCELANATO NACIONAL.,,0.0,,,0.0,MATERIAL
POSTE METÁLICO DE HG PARA SOPORTE DE LÁMPARA H = 9 M,,0.0,,,0.0,MATERIAL
PROTECCIÓN DE TRANSIENTES,,0.0,,,0.0,MATERIAL
PUERTA DE ALUMINIO BATIENTE CON MAMPARA 6 X 10 CM,,0.0,,,0.0,MATERIAL
PUERTA DE TOOL DOBLADA,,0.0,,,0.0,MATERIAL
PUERTA METALICA,,0.0,,,0.0,MATERIAL
"PUERTAS CORTAFUEGO ACERO LAMINADO/ GALVANIZADO 2MM, 120 MINUTOS, RESISTENCIA A FUEGO INCLUYE BARRA ANTI PÁNICO, MARCO",,0.0,,,0.0,MATERIAL
PULSADOR NEGRO CUERPO METÁLICO,,0.0,,,0.0,MATERIAL
PULSADOR VERDE CUERPO METÁLICO,,0.0,,,0.0,MATERIAL
PUNTAL MECÁNICO,,0.0,,,0.0,EQUIPO
PUNTAL METALICO (DIA),,0.05,,,0.0,EQUIPO
PUNTAL METÁLICO O SIMILARES,,0.0,,,0.0,EQUIPO
PUNTO DE CONTROL DE RUIDO,,0.0,,,0.0,MATERIAL
"Pantalla táctil 15""",,0.0,,,0.0,MATERIAL
Pega,,0.0,,,0.0,MATERIAL
Pega líquida de tubería PVC,,0.0,,,0.0,MATERIAL
Perfil aluminio,,0.0,,,0.0,MATERIAL
Perfilería de acero galvanizado (Perfiles “C” y “U”),,0.0,,,0.0,MATERIAL
"Perno cabeza hexagonal 3/8""",,0.0,,,0.0,MATERIAL
"Perno de aleación de bronce de silicio 1/2"", 1½""",,0.0,,,0.0,MATERIAL
"Perno de anclaje expansivo 3/8” L= 2 1/4""",,0.0,,,0.0,MATERIAL
"Perno expansivo para concreto 1/4""x 1½""",,0.0,,,0.0,MATERIAL
Pernos de Anclaje,,0.0,,,0.0,MATERIAL
"Persiana horizontal metálica micro perforada 1"" (Incl. riel, accesorios, instalación)",,0.0,,,0.0,MATERIAL
Piedra bola (en obra),,0.0,,,0.0,MATERIAL
Pintura epóxica / esmalte rojo,,0.0,,,0.0,MATERIAL
Pistola Para Calafateo,,0.0,,,0.0,EQUIPO
Placa y pernos de anclaje,,0.0,,,0.0,MATERIAL
Placas de Fijación de Acero Inoxidable,,0.0,,,0.0,MATERIAL
Placas de vertedero ajustable FRP (Incl. Pernos de acero inoxidable),,0.0,,,0.0,MATERIAL
Plancha de yeso de espesor 12.7mm,,0.0,,,0.0,MATERIAL
Plataforma,,0.0,,,0.0,EQUIPO
Plataforma Grúa,,0.0,,,0.0,EQUIPO
Platina metálica,,0.0,,,0.0,MATERIAL
Polietileno 0.2mm,,0.0,,,0.0,MATERIAL
Porcelana en polvo,,0.0,,,0.0,MATERIAL
Porcelana en polvo/emporador juntas de cerámica,,0.0,,,0.0,MATERIAL
Porcelanato primera calidad o similar,,0.0,,,0.0,MATERIAL
Poste HG 9 metros de altura,,0.0,,,0.0,MATERIAL
"Puerta tamborada de madera (con marco, tapa marco, bisagra y accesorios)",,0.0,,,0.0,MATERIAL
Pórtico y Tecle,,0.0,,,0.0,EQUIPO
"RECOLECTOR SUPERFICIAL DE SOBRENADANTES, DECANTADOR FLOTANTE, ACERO INOXIDABLE AISI 304L, CAUDAL Q = 200 M3/HORA, DESCARGA D= 150 MM; INC. VÁLVULA DE CONTROL D = 80 MM.",,0.0,,,0.0,MATERIAL
"REDUCCION HD, DN = 200X150 MM, B-B, PN10",,0.0,,,0.0,MATERIAL
"REDUCCION PVC DN 75x63 MM, 1,25 MPA",,0.0,,,0.0,MATERIAL
"REDUCCION PVC U/E, DN = 110 X 90MM, 1.25MPA",,0.0,,,0.0,MATERIAL
"REDUCCION PVC U/E, DN = 160 X 110MM, 1.25MPA",,0.0,,,0.0,MATERIAL
"REDUCCIÓN HD, DN = 80 X 50 MM, B-B, PN10",,0.0,,,0.0,MATERIAL
"REDUCCIÓN, ACERO INOX. 304, D=1"" - 3/4"", 250 PSI, R-R",,0.0,,,0.0,MATERIAL
"REDUCCIÓN, ACERO INOX. 304, D=2"" 1/2 x 1"" 1/4, 250 PSI, R-R",,0.0,,,0.0,MATERIAL
"REDUCTOR ACERO ASTM A53 Ø 2 ½"" A 1 ½""",,0.0,,,0.0,MATERIAL
REGULADOR DE CONDENSADORES,,0.0,,,0.0,MATERIAL
REJILLA GRATING DE ACERO GALVANIZADO,,0.0,,,0.0,MATERIAL
REJILLA INTERIOR PISO 110MM,,0.0,,,0.0,MATERIAL
REJILLA METALICA PARA CANAL E = 0.4 M (SEGÚN PLANOS DE DETALLE),,0.0,,,0.0,MATERIAL
RELES DE CONTROL 4 CONTACTOS 3 A BOBINA EN 110 VAC,,0.0,,,0.0,MATERIAL
RELLENO COMPACTADO A MAQUINA,,0.0,,,0.0,MATERIAL
RESINA,,0.0,,,0.0,MATERIAL
RESINA EPOXICA PARA PISOS,,0.0,,,0.0,MATERIAL
RETROEXCAVADORA,,0.0,,,0.0,EQUIPO
RETROEXCAVADORA DE LLANTAS,,0.0,,,0.0,EQUIPO
REVESTIN,,0.0,,,0.0,MATERIAL
RIPIO,,0.0,,,0.0,MATERIAL
RIPIO O GRAVA,,0.0,,,0.0,MATERIAL
RIPIO PARA HORMIGON EN OBRA,m3,13.88,,,0.0,MATERIAL
RIPIO TRITURADO PUESTO EN OBRA,,0.0,,,0.0,MATERIAL
Receptor de la Señal del Sensor de Fugas de Cloro (Controlador O Transmisor Electrónico),,0.0,,,0.0,MATERIAL
"Recubrimiento Externo: Primer,Cinta Anticorrosiva,Cinta Protecion Mecanica-Ancho",,0.0,,,0.0,MATERIAL
Recubrimiento epóxico autoimprimante para superficie de hormigón (2 componentes).,,0.0,,,0.0,MATERIAL
Recubrimiento protección epoxico grado alimenticio para superficie húmeda o seca,,0.0,,,0.0,MATERIAL
Reducción de acero 28” a 32”,,0.0,,,0.0,MATERIAL
"Reducción derecha de bandeja hg 0,30x0,20 m inc. Tapa",,0.0,,,0.0,MATERIAL
"Reducción izquierda de bandeja hg 0,30x0,20 m inc. Tapa",,0.0,,,0.0,MATERIAL
Reductor de velocidad,,0.0,,,0.0,MATERIAL
Relleno Y Sello Con Espuma De Poliuretano,,0.0,,,0.0,MATERIAL
Ripio triturado puesto en obra,,0.0,,,0.0,MATERIAL
RÓTULO CON CARACTERÍSTICA DEL PROYECTO EN TOOL CON MARCO METÁLICO,,0.0,,,0.0,MATERIAL
SELECTOR COMPLETO NO ILUMINADO 3 POSICIONES 2NA,,0.0,,,0.0,MATERIAL
SENSOR DE NIVEL DE LODOS,,0.0,,,0.0,MATERIAL
SENSOR DE NIVEL TIPO RADAR,,0.0,,,0.0,MATERIAL
SENSOR DE SÓLIDOS SUSPENDIDOS TOTALES,,0.0,,,0.0,MATERIAL
SENSOR DE TURBIEDAD,,0.0,,,0.0,MATERIAL
SENSORES DE NIVEL TIPO FLOTADOR,,0.0,,,0.0,MATERIAL
SENSORES DE NIVEL TIPO FLOTADOR.,,0.0,,,0.0,MATERIAL
SERVIDOR,,0.0,,,0.0,MATERIAL
"SEÑAL ÉTICA 65 X 65 CM. (INC. POSTE CUADRADO 1.8 M X 2"" GALVANIZADO)",,0.0,,,0.0,MATERIAL
SIERRA CIRCULAR,,1.1,,,0.0,EQUIPO
SIERRA CIRCULAR,,0.0,,,0.0,EQUIPO
"SISTEMA BARRIDO DE LODOS CON ACCIONAMIENTO CENTRAL. DIÁMETRO DEL TANQUE 17M. COMPONENTES DEL EQUIPO: 2 BRAZOS RADIALES CON PIQUETAS VERTICALES SOLIDARIOS AL EJE; RASQUETAS DE BARRIDO DE NEOPRENO; CAMPANA DEFLECTORA; VERTEDERO DE RECOLECCIÓN TIPO THOMSOM CON DEFLECTOR; ACERO INOXIDABLE AISI 304; POTENCIA
MOTOREDUCTOR 1,0 KW. VELOCIDAD DE GIRO 0,05 RPM.",,0.0,,,0.0,MATERIAL
"SISTEMA COLECTOR DE LODOS SUMERGIDO. ANCHO BARRIDO 5,50 M, LONGITUD RECORRIDO 30M; CAPACIDAD 28,8 M3/HORA. INCLUYE PANEL DE CONTROL Y VÁLVULA DE CONTROL DE LODOS DN=100MM (CON ACTUADOR ELÉCTRICO).",,0.0,,,0.0,MATERIAL
SISTEMA DE FILTRACIÓN TIPO MANUAL DE AGUA DE LAVADO,,0.0,,,0.0,MATERIAL
SOFTWARE PARA DESARROLLO DE SCADA,,0.0,,,0.0,MATERIAL
SOFTWARE PARA HMI PARA 1000 TAG PARA SCADA,,0.0,,,0.0,MATERIAL
SOFTWARE PARA VISUALIZACIÓN DE HISTORICOS DEL SCADA,,0.0,,,0.0,MATERIAL
SOFTWARE PROGRAMACIÓN PARA HISTORICOS ESTÁNDAR PARA SCADA PARA 500 TAG,,0.0,,,0.0,MATERIAL
SOKET PARA RELE DE 14 PINES,,0.0,,,0.0,MATERIAL
SOLDADORA,,0.0,,,0.0,EQUIPO
SOLDADORA ELECTRICA,,0.0,,,0.0,EQUIPO
SOLDADORA ELÉCTRICA,,0.0,,,0.0,EQUIPO
SOPORTE DE BAJANTE,,0.0,,,0.0,MATERIAL
SOPORTE DE CANAL,,0.0,,,0.0,MATERIAL
SOPORTE PARA BANDEJA AI20BTR6-126,,0.0,,,0.0,MATERIAL
SUB-BASE CLASE 3 (EN OBRA),,0.0,,,0.0,MATERIAL
"SUELDA EXOTÉRMICA TIPO CADWELD 120 GRAMOS, INCLUYE ACCESORIOS DE CONEXIÓN",,0.0,,,0.0,MATERIAL
"SUJECIÓN, CLAVO HILTI, O SIMILAR.",,0.0,,,0.0,MATERIAL
"SWITCH 4 PUERTOS RJ45, 1 PUERTO FIBRA MULTIMODO",,0.0,,,0.0,MATERIAL
SWITCH 8 PUERTOS RJ45,,0.0,,,0.0,MATERIAL
"SWITCH 8 PUERTOS RJ45, 2 PUERTO FIBRA MULTIMODO",,0.0,,,0.0,MATERIAL
Sellante Elastómero De Poliuretano,,0.0,,,0.0,MATERIAL
Sellante elastómerico de poliuretano,,0.0,,,0.0,MATERIAL
Sensor de fugas de cloro,,0.0,,,0.0,MATERIAL
Sensores nivel tipo radar,,0.0,,,0.0,MATERIAL
"Siamesa de bomberos 4""x2 1/2""x2 1/2"", incl. válvula check",,0.0,,,0.0,MATERIAL
Sierra circular,,0.0,,,0.0,EQUIPO
Sifón lavabo,,0.0,,,0.0,MATERIAL
Silicona cartucho,,0.0,,,0.0,MATERIAL
Sistema SCADA,,0.0,,,0.0,MATERIAL
Sistema de barraje de cobre 1000 A,,0.0,,,0.0,MATERIAL
Sistema de barraje de cobre 1600 A,,0.0,,,0.0,MATERIAL
Sistema de respaldo de energía en 24 VDC,,0.0,,,0.0,MATERIAL
Sistema de respaldo de energía en 24 vdc,,0.0,,,0.0,MATERIAL
Skid metálico,,0.0,,,0.0,MATERIAL
Software de visualización y control.,,0.0,,,0.0,MATERIAL
Soldadora Eléctrica,,0.0,,,0.0,EQUIPO
Soldadora eléctrica,,0.0,,,0.0,EQUIPO
Soldadora eléctrica 300 A,,0.0,,,0.0,EQUIPO
Sonda Ultrasónica para control de nivel en filtros,,0.0,,,0.0,MATERIAL
Soplante de aire,,0.0,,,0.0,MATERIAL
Soporte para bandeja AI20BTR6-126,,0.0,,,0.0,MATERIAL
Soportes para montaje de acero inoxidable de los canales de lavado del filtro,,0.0,,,0.0,MATERIAL
Switch Industrial de comunicaciones,,0.0,,,0.0,MATERIAL
Switch de comunicaciones con puertos de fibra. 8tx/2fx,,0.0,,,0.0,MATERIAL
"TABLA RUSTICA PARA ENCOFRADO 0,30M",m3,1.17,,,0.0,MATERIAL
"TABLA RUSTICA PARA ENCOFRADO 0,30M",,0.0,,,0.0,MATERIAL
TABLERO AUTO SOPORTADO PARA USO EXTERIORES IP 64 DE B1800X800X600 MM,,0.0,,,0.0,MATERIAL
TABLERO AUTOSOPORTADO PARA USO EXTERIORES IP 64 DE 1200X600X400 MM,,0.0,,,0.0,MATERIAL
TABLERO AUTOSOPORTADO PARA USO EXTERIORES IP 64 DE 1800X800X600 MM,,0.0,,,0.0,MATERIAL
TABLERO CONTRACHAPADO TIPO C,,0.0,,,0.0,MATERIAL
TABLERO DE CONTRO PARA EQUIPOS DE FILTRO BANDA,,0.0,,,0.0,MATERIAL
TALADRO ELÉCTRICO,,0.0,,,0.0,EQUIPO
TANQUERO,,0.0,,,0.0,EQUIPO
TAPA 1.10 X 1.10 HORMIGON DOBLE H = 10 CM.,,0.0,,,0.0,MATERIAL
TAPA 1.10 X 1.10 HORMIGON DOBLE H = 10 CM.,u,0.0,,,0.0,MATERIAL
"TAPA ABISAGRADA POZOS DE REVISION CON CERCO, HIERRO
DUCTIL, D=600MM (CARGA DE ENSAYO 40 TON)",,0.0,,,0.0,MATERIAL
"TAPA ABISAGRADA POZOS DE REVISION CON CERCO, HIERRO DUCTIL, D=600MM (CARGA DE ENSAYO 40 TON)",u,165.0,,,0.0,MATERIAL
"TAPON ACERO INOX. 304, D=1"", 150 PSI, R-R",,0.0,,,0.0,MATERIAL
"TAPON DN = 150 MM, HD, B-B, PN10",,0.0,,,0.0,MATERIAL
"TAPON HD, DN = 900 MM, CLASE 20",,0.0,,,0.0,MATERIAL
"TAPON HEMBRA PVC U/E, DN = 110MM, 1.25MPA",,0.0,,,0.0,MATERIAL
"TAPON HEMBRA PVC U/E, DN = 160MM, 1.25MPA",,0.0,,,0.0,MATERIAL
"TAPONES PARA POZOS ELÉCTRICOS (CIEGOS - DUCTOS CON CABLE), CINTA DE SEGURIDAD PLÁSTICA ROTULADA MEER",,0.0,,,0.0,MATERIAL
"TAPÓN ACERO INOXIDABLE, AISI 304L, DN = 250 MM, PN 10 B-L",,0.0,,,0.0,MATERIAL
"TAPÓN DN = 300 MM, B-B, PN10",,0.0,,,0.0,MATERIAL
"TAPÓN DN = 80 MM, B-B, PN10",,0.0,,,0.0,MATERIAL
TECLE 315 MM,,0.0,,,0.0,EQUIPO
TECLE D = 315 MM,,0.0,,,0.0,EQUIPO
TECLE DN = 315 MM,,0.0,,,0.0,EQUIPO
TECLE DN = 315 X 160 MM,,0.0,,,0.0,EQUIPO
TECLE MANUAL,,0.0,,,0.0,EQUIPO
TECLE O POLEAS,,0.0,,,0.0,EQUIPO
"TEE ACERO INOX. 304, DN=250, PN 10, B-B",,0.0,,,0.0,MATERIAL
"TEE HD, DN = 150 MM, B-B-B, PN10",,0.0,,,0.0,MATERIAL
"TEE HD, DN = 200 MM, B-B-B, PN10",,0.0,,,0.0,MATERIAL
"TEE HD, DN = 250 MM, CLASE 40",,0.0,,,0.0,MATERIAL
"TEE HD, DN = 300 MM, PN 10, L-L-L",,0.0,,,0.0,MATERIAL
"TEE HD, DN = 50 MM, B-B-B, PN10",,0.0,,,0.0,MATERIAL
"TEE HD, DN = 80 MM, B-B-B, PN10",,0.0,,,0.0,MATERIAL
TEE PVC 110 MM.-DESAGUE,,0.0,,,0.0,MATERIAL
TEE PVC D = 75MM - DESAGUE,,0.0,,,0.0,MATERIAL
"TEE PVC PRESION D = 1/2""",,0.0,,,0.0,MATERIAL
TEE PVC U/E 1.25MPA D= 315MM,,0.0,,,0.0,MATERIAL
"TEE PVC U/E, DN = 160 X 110 MM, 1.25MPA",,0.0,,,0.0,MATERIAL
"TEE PVC U/E, DN = 160MM, 1.25 MPA",,0.0,,,0.0,MATERIAL
"TEE PVC U/E, DN = 315 X 160MM, 1.25 MPA",,0.0,,,0.0,MATERIAL
"TEE REDUCCIÓN ROSCABLE ACERO ASTM A53 Ø 2 1/2"" A 1 1/2""",,0.0,,,0.0,MATERIAL
"TEE REDUCTORA HD, DN = 100X50 MM, B-B-B, PN10",,0.0,,,0.0,MATERIAL
"TEE REDUCTORA HD, DN = 150X100 MM, B-B-B, PN10",,0.0,,,0.0,MATERIAL
"TEE REDUCTORA HD, DN = 200X100 MM, B-B-B, PN10",,0.0,,,0.0,MATERIAL
"TEE REDUCTORA HD, DN = 200X150 MM, B-B-B, PN10",,0.0,,,0.0,MATERIAL
"TEE REDUCTORA HD, DN = 300X200 MM, B-B-B, PN10",,0.0,,,0.0,MATERIAL
"TEE REDUCTORA HD, DN = 300X80 MM, B-B-B, PN10",,0.0,,,0.0,MATERIAL
"TEE REDUCTORA HD, DN = 900X400 MM, CLASE 20",,0.0,,,0.0,MATERIAL
"TEE ROSCADO ACERO ASTM A53 Ø 2 ½"" A 2 ½""",,0.0,,,0.0,MATERIAL
"TEE, ACERO INOX. 304, D=1"", SCH 40, R-R-R",,0.0,,,0.0,MATERIAL
"TEE, ACERO INOX. 304, D=2"" 1/2, 250 PSI, R-R-R",,0.0,,,0.0,MATERIAL
TEFLON ROLLO=10M,,0.0,,,0.0,MATERIAL
TEFLÓN,,0.0,,,0.0,MATERIAL
TEFLÓN EN ROLLO,,0.0,,,0.0,MATERIAL
TEFLÓN EN ROLLO NORMA ASTM D6585,,0.0,,,0.0,MATERIAL
TERMINAL GRAFICO IP65 PARA CONFIGURACIÓN Y SUPERVISIÓN DE VARIADOR,,0.0,,,0.0,MATERIAL
TERMINAL INDICADOR DE PROCESO,,0.0,,,0.0,MATERIAL
TIERRA NEGRA PARA JARDÍN,,0.0,,,0.0,MATERIAL
"TOMA DE CORRIENTE 220V RECEPTÁCULO NEMA 6-20R,
INTERRUPTOR ELÉCTRICO DE 20 A, GRADO INDUSTRIAL",,0.0,,,0.0,MATERIAL
"TOMA DE CORRIENTE 220V RECEPTÁCULO NEMA 6-20R, INTERRUPTOR ELÉCTRICO DE 20 A, GRADO INDUSTRIAL",,0.0,,,0.0,MATERIAL
"TOMA MONOFÁSICO DOBLE POLARIZADO DE PLACA 15 A, 250 VAC - TIPO INTEMPERIE",,0.0,,,0.0,MATERIAL
TOOL GALVANIZADO 2MM,,0.0,,,0.0,MATERIAL
TOPÓGRAFO (EN CONSTRUCCIÓN) E. O. C1,,4.87,541210012,ND,0.3809,MANO DE OBRA
"TORNILLO TRANSPORTADOR HORIZONTAL, AISI 304L, D = 360 MM, L = 16.00 M, 5,5 KW.",,0.0,,,0.0,MATERIAL
"TORNILLO TRANSPORTADOR INCLINADO, AISI 304L, D = 360 MM, L = 6,50 M, 3,5 KW.",,0.0,,,0.0,MATERIAL
"TRAMO CORTO ACERO INOXIDABLE, AISI 304L, DN = 250 MM, L=0.79 M, SCH 40, B-L",,0.0,,,0.0,MATERIAL
"TRAMO CORTO ACERO INOXIDABLE, AISI 304L, DN = 250 MM, L=0.92M, SCH 40, B-L",,0.0,,,0.0,MATERIAL
"TRAMO CORTO HD, DN = 100 MM, L=0,20M, B-B, PN10",,0.0,,,0.0,MATERIAL
"TRAMO CORTO HD, DN = 100 MM, L=0,40M, B-B, PN10",,0.0,,,0.0,MATERIAL
"TRAMO CORTO HD, DN = 100 MM, L=0,65M, B-B, PN10",,0.0,,,0.0,MATERIAL
"TRAMO CORTO HD, DN = 100 MM, L=0,70M, B-B, PN10",,0.0,,,0.0,MATERIAL
"TRAMO CORTO HD, DN = 100 MM, L=0,95M, B-B, PN10",,0.0,,,0.0,MATERIAL
"TRAMO CORTO HD, DN = 150 MM, L=0,20M, B-B, PN10,",,0.0,,,0.0,MATERIAL
"TRAMO CORTO HD, DN = 150 MM, L=0,75M, B-B, PN10",,0.0,,,0.0,MATERIAL
"TRAMO CORTO HD, DN = 200 MM, L=0,60M, B-B, PN10",,0.0,,,0.0,MATERIAL
"TRAMO CORTO HD, DN = 200 MM, L=0.40M, B-B, PN10",,0.0,,,0.0,MATERIAL
"TRAMO CORTO HD, DN = 300 MM, L=0,40M, B-B, PN10",,0.0,,,0.0,MATERIAL
"TRAMO CORTO HD, DN = 300 MM, L=0,70M, B-B, PN10",,0.0,,,0.0,MATERIAL
"TRAMO CORTO HD, DN = 50 MM, L=0,30M, B-B, PN10",,0.0,,,0.0,MATERIAL
"TRAMO CORTO HD, DN = 50 MM, L=0,43M, B-B, PN10",,0.0,,,0.0,MATERIAL
"TRAMO CORTO HD, DN = 80 MM, L=0,32M, B-B, PN10",,0.0,,,0.0,MATERIAL
"TRAMO CORTO HD, DN = 80 MM, L=0,40M, B-B, PN10",,0.0,,,0.0,MATERIAL
"TRAMO CORTO HD, DN = 80 MM, L=0,50M, B-B, PN10",,0.0,,,0.0,MATERIAL
"TRAMO CORTO L=0.25 M, HD, D=150MM, B-B, PN10",,0.0,,,0.0,MATERIAL
"TRAMO CORTO L=0.45 M, HD, D=150MM, B-B, PN10",,0.0,,,0.0,MATERIAL
"TRAMO CORTO L=0.53 M, HD, D=150MM, B-B, PN10",,0.0,,,0.0,MATERIAL
"TRAMO CORTO L=1.00 M, HD, D=150MM, B-B, PN10",,0.0,,,0.0,MATERIAL
"TRAMO CORTO L=1.00 M, HD, D=200MM, B-L, PN10",,0.0,,,0.0,MATERIAL
"TRAMO CORTO L=1.20 M, HD, D=150MM, B-L, PN10",,0.0,,,0.0,MATERIAL
"TRAMO CORTO L=1.56 M, HD, D=150MM, B-L, PN10",,0.0,,,0.0,MATERIAL
"TRAMO CORTO L=2.27 M, HD, D=200MM, B-B, PN10",,0.0,,,0.0,MATERIAL
"TRAMO CORTO L=2.50 M, HD, D=200MM, B-B, PN10",,0.0,,,0.0,MATERIAL
TRAMO CORTO PVC – P 200 MM 1.25 MPA L=0.20 M,,0.0,,,0.0,MATERIAL
TRAMO CORTO PVC – P 40 MM 1.0 MPA L=0.10 M,,0.0,,,0.0,MATERIAL
TRAMO CORTO PVC – P 40 MM R L=0.19 M,,0.0,,,0.0,MATERIAL
"TRAMO CORTO PVC, DN 75 MM, L=0,30M, 1,25 MPA",,0.0,,,0.0,MATERIAL
TRANSFORMADOR 1KVA 220/110 VAC,,0.0,,,0.0,MATERIAL
TRANSFORMADOR 1KVA 460/120 VAC,,0.0,,,0.0,MATERIAL
TRANSFORMADOR 2KVA 220/110 VAC,,0.0,,,0.0,MATERIAL
TRANSFORMADOR 3.5KVA 460/120 VAC,,0.0,,,0.0,MATERIAL
TRANSFORMADOR DE CORRIENTE 400/5 A,,0.0,,,0.0,MATERIAL
TRANSMISOR MULTIPARÁMETROS,,0.0,,,0.0,MATERIAL
TRIDUCTO ELÉCTRICO DE POLIETILENO D=40 MM,,0.0,,,0.0,MATERIAL
"TUBERIA , ACERO INOX. 304, D=1"", SCH 40, R-R",,0.0,,,0.0,MATERIAL
"TUBERIA , ACERO INOX. 304, D=2"" 1/2, SCH40, R-R",,0.0,,,0.0,MATERIAL
"TUBERIA , ACERO INOX. 304, D=3/4"", SCH 40, R-R",,0.0,,,0.0,MATERIAL
TUBERIA PVC U/E 1.25MPA D= 110MM,,0.0,,,0.0,MATERIAL
TUBERIA PVC U/E 1.25MPA D= 160MM,,0.0,,,0.0,MATERIAL
TUBERIA PVC U/E 1.25MPA D= 315MM,,0.0,,,0.0,MATERIAL
TUBERIA PVC U/E 1.25MPA D= 90MM,,0.0,,,0.0,MATERIAL
"TUBERIA TRAMO CORTO L=3,50m HD, DN = 300 MM, PN 10, L-B",,0.0,,,0.0,MATERIAL
TUBERÍA ACERO (ASTM A53 GRADO B) CON RECUBRIMIENTO INTERNO Y EXTERNO DE ACUERDO CON LA NORMA AWWA C210,,0.0,,,0.0,MATERIAL
"TUBERÍA HD DN 150, CLASE 40",,0.0,,,0.0,MATERIAL
"TUBERÍA HD DN 200, CLASE 40",,0.0,,,0.0,MATERIAL
"TUBERÍA HD DN 250, CLASE 40",,0.0,,,0.0,MATERIAL
"TUBERÍA HD DN 300, CLASE 30",,0.0,,,0.0,MATERIAL
"TUBERÍA HD DN 900, CLASE 20",,0.0,,,0.0,MATERIAL
"TUBERÍA METÁLICA FLEXIBLE ANILLADA, BX FUNDA SELLADA D 1/2”, INCLUYE ACCESORIOS",,0.0,,,0.0,MATERIAL
"TUBERÍA METÁLICA FLEXIBLE ANILLADA, BX FUNDA SELLADA D=1”, INCLUYE ACCESORIOS",,0.0,,,0.0,MATERIAL
TUBERÍA PERFILADA DE PVC RÍGIDA DE PARED ESTRUCTURADA E INTERIOR LISA - UNIÓN POR SELLOS DE CAUCHO O ELASTOMÉRICOS,,0.0,,,0.0,MATERIAL
TUBERÍA PVC 110MM.X 3M.DESAGUE-TIPO B,,0.0,,,0.0,MATERIAL
"TUBERÍA PVC CONDUIT ELÉCTRICO-TELEFÓNICO, D=1"", INC. ACCESORIOS",,0.0,,,0.0,MATERIAL
"TUBERÍA PVC CONDUIT ELÉCTRICO-TELEFÓNICO, D=2"", INC. ACCESORIOS",,0.0,,,0.0,MATERIAL
"TUBERÍA PVC CONDUIT ELÉCTRICO-TELEFÓNICO, D=3/4"", INC. ACCESORIOS",,0.0,,,0.0,MATERIAL
TUBERÍA PVC D = 110MM.X 3M.DESAGUE-TIPO B,,0.0,,,0.0,MATERIAL
TUBERÍA PVC D = 75MM X 3M DESAGUE-TIPO B,,0.0,,,0.0,MATERIAL
"TUBERÍA PVC/PP ROSCABLE 1/2""",,0.0,,,0.0,MATERIAL
"TUBERÍA PVC/PP ROSCABLE 3/4""",,0.0,,,0.0,MATERIAL
"TUBERÍA TRAMO CORTO L=0.40 M PN10, DN = 300 MM, HD, B-L",,0.0,,,0.0,MATERIAL
"TUBERÍA TRAMO CORTO L=0.50 M HD, DN = 250 MM, PN 10, B-B",,0.0,,,0.0,MATERIAL
"TUBERÍA TRAMO CORTO L=0.50 M PN10, DN = 900 MM, HD, B-L",,0.0,,,0.0,MATERIAL
"TUBERÍA TRAMO CORTO L=0.70 M PN10, DN = 300 MM, HD, B-L
(MAT/TRANS/INST)",,0.0,,,0.0,MATERIAL
"TUBERÍA TRAMO CORTO L=0.70 M PN10, DN = 400 MM, HD, B-B",,0.0,,,0.0,MATERIAL
"TUBERÍA TRAMO CORTO L=0.80 M PN10, DN = 400 MM, HD, B-B",,0.0,,,0.0,MATERIAL
"TUBERÍA TRAMO CORTO L=0.88 M PN10, DN = 80 MM, HD, B-B",,0.0,,,0.0,MATERIAL
"TUBERÍA TRAMO CORTO L=0.90 M HD, DN = 250 MM, PN 10, B-L",,0.0,,,0.0,MATERIAL
"TUBERÍA TRAMO CORTO L=0.95 M HD, DN = 150 MM, PN 10, B-B",,0.0,,,0.0,MATERIAL
"TUBERÍA TRAMO CORTO L=1.00 M HD, DN = 200 MM, PN 10, B-B",,0.0,,,0.0,MATERIAL
"TUBERÍA TRAMO CORTO L=1.00 M HD, DN = 250 MM, PN 10, B-L",,0.0,,,0.0,MATERIAL
"TUBERÍA TRAMO CORTO L=1.05 M PN10, DN = 300 MM, HD, B-L",,0.0,,,0.0,MATERIAL
"TUBERÍA TRAMO CORTO L=1.06 M ACERO INOX. 304, DN=250, SCH 40, B-L",,0.0,,,0.0,MATERIAL
"TUBERÍA TRAMO CORTO L=1.10 M PN10, DN = 80 MM, HD, B-B",,0.0,,,0.0,MATERIAL
"TUBERÍA TRAMO CORTO L=1.16 M ACERO INOX. 304, DN=250, SCH 40, B-L",,0.0,,,0.0,MATERIAL
"TUBERÍA TRAMO CORTO L=1.19 M PN 10, DN = 50 MM, HD, B-L",,0.0,,,0.0,MATERIAL
"TUBERÍA TRAMO CORTO L=1.20 M PN10, DN = 900 MM, HD, B-L",,0.0,,,0.0,MATERIAL
"TUBERÍA TRAMO CORTO L=1.25 M PN10, DN = 150 MM, HD, B-B",,0.0,,,0.0,MATERIAL
"TUBERÍA TRAMO CORTO L=1.37 M PN10, DN = 50 MM, HD, B-B",,0.0,,,0.0,MATERIAL
"TUBERÍA TRAMO CORTO L=1.46 M ACERO INOX. 304, DN=250, SCH 40, B-B",,0.0,,,0.0,MATERIAL
"TUBERÍA TRAMO CORTO L=1.50 M HD, DN = 200 MM, PN 10, B-L",,0.0,,,0.0,MATERIAL
"TUBERÍA TRAMO CORTO L=1.50 M PN 10, DN = 100 MM, HD, B-L",,0.0,,,0.0,MATERIAL
"TUBERÍA TRAMO CORTO L=1.50 M PN10, DN = 80 MM, HD, B-B",,0.0,,,0.0,MATERIAL
"TUBERÍA TRAMO CORTO L=1.50m PN10, DN = 150 MM, HD, B-B",,0.0,,,0.0,MATERIAL
"TUBERÍA TRAMO CORTO L=1.52 M PN 10, DN = 200 MM, HD, B-L",,0.0,,,0.0,MATERIAL
"TUBERÍA TRAMO CORTO L=1.58 M PN10, DN = 80 MM, HD, B-B",,0.0,,,0.0,MATERIAL
"TUBERÍA TRAMO CORTO L=1.60 M HD, DN = 300 MM, PN 10, L-B",,0.0,,,0.0,MATERIAL
"TUBERÍA TRAMO CORTO L=1.70 M ACERO INOX. 304, DN=250, SCH 40, B-B",,0.0,,,0.0,MATERIAL
"TUBERÍA TRAMO CORTO L=1.80m PN10, DN = 300 MM, HD, B-L",,0.0,,,0.0,MATERIAL
"TUBERÍA TRAMO CORTO L=1.90 M HD, DN = 300 MM, PN 10, B-L",,0.0,,,0.0,MATERIAL
"TUBERÍA TRAMO CORTO L=1.97 M PN10, DN = 80 MM, HD, B-B",,0.0,,,0.0,MATERIAL
"TUBERÍA TRAMO CORTO L=1.98 M HD, DN = 80 MM, PN 10, B-B",,0.0,,,0.0,MATERIAL
"TUBERÍA TRAMO CORTO L=2.00 M HD, DN = 150 MM, PN 10, B-B",,0.0,,,0.0,MATERIAL
"TUBERÍA TRAMO CORTO L=2.00 M PN 10, DN = 200 MM, HD, B-L",,0.0,,,0.0,MATERIAL
"TUBERÍA TRAMO CORTO L=2.00 M PN10, DN = 150 MM, HD, B-L",,0.0,,,0.0,MATERIAL
"TUBERÍA TRAMO CORTO L=2.20 M ACERO INOX. 304, DN=250, SCH 40, B-L",,0.0,,,0.0,MATERIAL
"TUBERÍA TRAMO CORTO L=2.36 M PN10, DN = 80 MM, HD, B-B",,0.0,,,0.0,MATERIAL
"TUBERÍA TRAMO CORTO L=2.50 M PN10, DN = 300 MM, HD, B-B",,0.0,,,0.0,MATERIAL
"TUBERÍA TRAMO CORTO L=3.00 M ACERO INOX. 304, DN=250, SCH 40, B-L",,0.0,,,0.0,MATERIAL
"TUBERÍA TRAMO CORTO L=3.00 M HD, DN = 200 MM, PN 10, B-B",,0.0,,,0.0,MATERIAL
"TUBERÍA TRAMO CORTO L=3.00 M PN10, DN = 150 MM, HD, B-L",,0.0,,,0.0,MATERIAL
"TUBERÍA TRAMO CORTO L=3.00 M PN10, DN = 80 MM, HD, B-B",,0.0,,,0.0,MATERIAL
"TUBERÍA TRAMO CORTO L=3.12 M HD, DN = 150 MM, PN 10, B-L",,0.0,,,0.0,MATERIAL
"TUBERÍA TRAMO CORTO L=3.73 M PN10, DN = 80 MM, HD, B-B",,0.0,,,0.0,MATERIAL
"TUBERÍA TRAMO CORTO L=3.90 M HD, DN = 150 MM, PN 10, B-L",,0.0,,,0.0,MATERIAL
"TUBERÍA TRAMO CORTO L=4.00 M PN10, DN = 300 MM, HD, B-L",,0.0,,,0.0,MATERIAL
"TUBERÍA TRAMO CORTO L=4.05 M HD, DN = 150 MM, PN 10, B-B",,0.0,,,0.0,MATERIAL
"TUBERÍA TRAMO CORTO L=4.65 M PN 10, DN = 200 MM, HD, L-B",,0.0,,,0.0,MATERIAL
"TUBERÍA TRAMO CORTO L=4.85 M SCH40, DN=100, ACERO INOX. 304, B-B",,0.0,,,0.0,MATERIAL
"TUBERÍA TRAMO CORTO L=5.24 M SCH40, DN=100, ACERO INOX. 304, B-B",,0.0,,,0.0,MATERIAL
"TUBERÍA TRAMO CORTO L=5.50 M PN10, DN = 80 MM, HD, B-B",,0.0,,,0.0,MATERIAL
"TUBERÍA TRAMO CORTO L=5.58 M SCH40, DN=100, ACERO INOX. 304, B-B",,0.0,,,0.0,MATERIAL
"TUBO CONDUIT GALVANIZADO Ø 3/4"" HG ROSCADO ANSI-C80.1 INC. UNION",,0.0,,,0.0,MATERIAL
"TUBO CONDUIT GAVANIZADO Ø 1"" ROSCADO ANSI-C80.1 INC. UNION",,0.0,,,0.0,MATERIAL
TUBO DE ACERO INOXIDABLE,,0.0,,,0.0,MATERIAL
"TUBO DE HG 1 1/2""",,0.0,,,0.0,MATERIAL
TUBO HG,,0.0,,,0.0,MATERIAL
"TUBO HG 1 1/2""",,0.0,,,0.0,MATERIAL
"TUBO METÁLICO EMT DE 1"" DE 3M.",,0.0,,,0.0,MATERIAL
"TUBO METÁLICO EMT DE 1/2""  DE 3M.",,0.0,,,0.0,MATERIAL
"TUBO METÁLICO EMT DE 1/2"" DE 3M.",,0.0,,,0.0,MATERIAL
"TUBO METÁLICO EMT DE 3/4"" DE 3M.",,0.0,,,0.0,MATERIAL
"TUBO PVC (PRESIÓN ROSCABLE)- 1/2""-13MM.",,0.0,,,0.0,MATERIAL
TUBO PVC 160MM - DESAGUE,,0.0,,,0.0,MATERIAL
TUBO PVC UE ALCANTARILLADO D.N.I. 200MM,,0.0,,,0.0,MATERIAL
TUBO PVC UE ALCANTARILLADO D.N.I. 300MM,,0.0,,,0.0,MATERIAL
TUBO PVC UE ALCANTARILLADO D.N.I. 500MM,,0.0,,,0.0,MATERIAL
TUBO RECTANGULAR,,0.0,,,0.0,MATERIAL
Tablero bifásico de 2-4 espacios,,0.0,,,0.0,MATERIAL
Tablero centro de control de motores total,,0.0,,,0.0,MATERIAL
Tablero de Control del Sistema de Extracción,,0.0,,,0.0,MATERIAL
Tablero eléctrico,,0.0,,,0.0,MATERIAL
Tablero eléctrico agitadores,,0.0,,,0.0,MATERIAL
Tablero eléctrico bombas,,0.0,,,0.0,MATERIAL
Taipe (Cinta Aislante),,0.0,,,0.0,MATERIAL
Taipe (cinta aislante),,0.0,,,0.0,MATERIAL
Taladro Eléctrico,,0.0,,,0.0,EQUIPO
Taladro eléctrico,,0.0,,,0.0,EQUIPO
Tanque de Retención de Medios Secos,,0.0,,,0.0,MATERIAL
Tanque de uso diario,,0.0,,,0.0,MATERIAL
"Tapa galvanizada e=2,8 mm, 3,0 x 3,0 m",,0.0,,,0.0,MATERIAL
Tarjeta comunicación con plc redundante,,0.0,,,0.0,MATERIAL
Tarjeta con doble puerto de comunicación modbus serial,,0.0,,,0.0,MATERIAL
Tarjeta con doble puerto de comunicación modbus serial.,,0.0,,,0.0,MATERIAL
Tarjeta de comunicación modbus tcp/ip con funciones de i/o scanning,,0.0,,,0.0,MATERIAL
Tarjeta de entradas discretas (32 entradas),,0.0,,,0.0,MATERIAL
Tarjeta de salidas discretas (32 salidas a relé),,0.0,,,0.0,MATERIAL
Tarjeta de salidas discretas (64 salidas a relé),,0.0,,,0.0,MATERIAL
Tarjeta entradas analógicas 4-20 ma+hart (8 canales),,0.0,,,0.0,MATERIAL
Tecle,,0.0,,,0.0,EQUIPO
Tecle (Manual),,0.0,,,0.0,EQUIPO
Tecle /Poleas,,0.0,,,0.0,EQUIPO
Tecle manual,,0.0,,,0.0,EQUIPO
Tecle o Grúa Móvil,,0.0,,,0.0,EQUIPO
Tecle o Grúa Móvil (depende el diámetro de bomba),,0.0,,,0.0,EQUIPO
Tecle o Grúa Móvil (depende el diámetro de tubería),,0.0,,,0.0,EQUIPO
Tecle o Grúa Móvil (depende el diámetro de válvula),,0.0,,,0.0,EQUIPO
Teflón norma ASTM D6585-17,,0.0,,,0.0,MATERIAL
Teflón rollo (Norma ASTM D6585-17),,0.0,,,0.0,MATERIAL
Teflón rollo=10m (Norma ASTM D 6585-17),,0.0,,,0.0,MATERIAL
Telefast con su respectivo cable para entradas analógicas.,,0.0,,,0.0,MATERIAL
Telefast con su respectivo cable para entradas discretas,,0.0,,,0.0,MATERIAL
Telefast con su respectivo cable para salidas discretas.,,0.0,,,0.0,MATERIAL
"Terminal de cobre tipo pala larga para conductor 2/0 AWG, 600v, 35 KV, un agujero 1/2""",,0.0,,,0.0,MATERIAL
Terminal de programación y campo,,0.0,,,0.0,MATERIAL
Tomacorriente Doble Polarizado,,0.0,,,0.0,MATERIAL
Tool galvanizado,,0.0,,,0.0,MATERIAL
Tornillos autoperforantes de acero inoxidable,,0.0,,,0.0,MATERIAL
Transferencia automática de 1600 A,,0.0,,,0.0,MATERIAL
"Transformador 460/220-110 VAC, 15kva",,0.0,,,0.0,MATERIAL
"Transformador 460/220-110 VAC, 2,5kva",,0.0,,,0.0,MATERIAL
"Transformador 460/220-110 VAC, 25kva",,0.0,,,0.0,MATERIAL
Transformadores corrientes de medición 2000/5 A,,0.0,,,0.0,MATERIAL
"Tuberia de acero ASTM A53 GRADO B SCH 40 (Incl. Recubrimiento externo segun Norma) D= 1 ½""",,0.0,,,0.0,MATERIAL
"Tuberia de acero ASTM A53 GRADO B SCH 40 (Incl. Recubrimiento externo segun Norma) D= 2 ½""",,0.0,,,0.0,MATERIAL
"Tubería Acero Inoxidable AISI 304, diámetro de acuerdo a planos de diseño",,0.0,,,0.0,MATERIAL
Tubería Conduit EMT 1/2,,0.0,,,0.0,MATERIAL
"Tubería Conduit EMT 1/2""",,0.0,,,0.0,MATERIAL
Tuberías de Conducción,,0.0,,,0.0,MATERIAL
Tuberías y válvulas del sistema de tanques de uso diario,,0.0,,,0.0,MATERIAL
"Tubo Acero 24"" Cedula 40",,0.0,,,0.0,MATERIAL
"Tubo Conduit Liviano 1/2""",,0.0,,,0.0,MATERIAL
Tubo Conduit Liviano EMT De 3/4”,,0.0,,,0.0,MATERIAL
Tubo PVC para desagüe D=110MM,,0.0,,,0.0,MATERIAL
Tubo PVC para desagüe D=160MM,,0.0,,,0.0,MATERIAL
Tubo PVC para desagüe D=50MM,,0.0,,,0.0,MATERIAL
"Tubo PVC ø 1""x3m",,0.0,,,0.0,MATERIAL
"Tubo de abasto flexible L=16""",,0.0,,,0.0,MATERIAL
"Tuerca hexagonal de aleación bronce de silicio 1/2""",,0.0,,,0.0,MATERIAL
"Tuerca hexagonal de aleación bronce de silicio 3/8""",,0.0,,,0.0,MATERIAL
"Tuerca mordaza para canal 3/8""",,0.0,,,0.0,MATERIAL
Turbina de acero inoxidable AISI 304 (Incluye pernos y soldadura),,0.0,,,0.0,MATERIAL
UNION DE CANAL,,0.0,,,0.0,MATERIAL
"UNION EMT D=1"".",,0.0,,,0.0,MATERIAL
UNION EMT D=1/2”,,0.0,,,0.0,MATERIAL
"UNION MECANICA HD, D=150 MM, L-L, PN10",,0.0,,,0.0,MATERIAL
"UNION MECANICA HD, D=200 MM, L-L, PN10",,0.0,,,0.0,MATERIAL
"UNION MECANICA HD, D=80 MM, L-L, PN10",,0.0,,,0.0,MATERIAL
"UNION MECANICA HD, DN = 250 MM, L-L, PN 10",,0.0,,,0.0,MATERIAL
"UNION MECANICA HD, DN = 300 MM, L-L, PN 10",,0.0,,,0.0,MATERIAL
"UNION UNIVERSAL ACERO INOXIDABLE AISI 304 ROSCABLE DN = 50 MM, PN10",,0.0,,,0.0,MATERIAL
"UNION UNIVERSAL, ACERO INOX. 304, D=1"", 150 PSI, R-R",,0.0,,,0.0,MATERIAL
"UNION UNIVERSAL, ACERO INOX. 304, D=2"" 1/2, 250 PSI, R-R",,0.0,,,0.0,MATERIAL
"UNIÓN CON ENCHUFES HD, DN = 200 MM, CLASE 40",,0.0,,,0.0,MATERIAL
"UNIÓN DE DOS PARTES D=1""",,0.0,,,0.0,MATERIAL
"UNIÓN EMT D= 3/4"".",,0.0,,,0.0,MATERIAL
"UNIÓN EMT D=1/2""",,0.0,,,0.0,MATERIAL
"UNIÓN MECÁNICA D=20""",,0.0,,,0.0,MATERIAL
"UNIÓN ROSCABLE ACERO ASTM A53 Ø 1 ½""",,0.0,,,0.0,MATERIAL
"UNIÓN ROSCABLE ASTM A53 ROSCADA Ø 2 ½""",,0.0,,,0.0,MATERIAL
"UNIÓN UNIVERSAL HD, DN = 300 MM, B-L, PN 10",,0.0,,,0.0,MATERIAL
UPS 1 KVA 600 W ONLINE 120/120 VAC,,0.0,,,0.0,MATERIAL
"Universal de Acero Inoxidable 3""",,0.0,,,0.0,MATERIAL
Unión EMT Conduit ½”,,0.0,,,0.0,MATERIAL
Unión brida 32” Acero,,0.0,,,0.0,MATERIAL
"Unión de bandeja hg en cruz horizontal de 0,20x0,15 m",,0.0,,,0.0,MATERIAL
Ups de 3kva,,0.0,,,0.0,MATERIAL
Urinario blanco primera calidad incluye accesorios,,0.0,,,0.0,MATERIAL
"VALLA TIPO AYUNTAMIENTO (ALTURA MÍNIMA H=1,10M, L MÍNIMA=1.50M)",,0.0,,,0.0,EQUIPO
"VALLA TIPO CERRAMIENTO (ALTURA MÍNIMA 2M, L MÍNIMA 3M) PERÍMETRO TUBO HG DIÁMETRO = 1.50”, MALLA ELECTROSOLDADA",,0.0,,,0.0,EQUIPO
"VALVULA CHECK HD, D = 100 MM - 04"", B-B, PN 10",,0.0,,,0.0,MATERIAL
"VALVULA CHECK HD, D = 300 MM - 12"", B-B, PN 10",,0.0,,,0.0,MATERIAL
"VALVULA CHECK HD, D = 80 MM, B-B PN 10",,0.0,,,0.0,MATERIAL
"VALVULA CHECK, BRONCE, D=1"", 150 PSI, R-R",,0.0,,,0.0,MATERIAL
"VALVULA CHECK, BRONCE, D=2"" 1/2, 250 PSI, R-R",,0.0,,,0.0,MATERIAL
"VALVULA COMPUERTA 100 MM - 04"", B-B HD, PN 10",,0.0,,,0.0,MATERIAL
"VALVULA COMPUERTA 150 MM - 06"", B-B HD, PN 10",,0.0,,,0.0,MATERIAL
"VALVULA COMPUERTA 200 MM - 08"", B-B, HD, PN 10",,0.0,,,0.0,MATERIAL
"VALVULA COMPUERTA 250 MM - 10"" B-B, HD, PN 10",,0.0,,,0.0,MATERIAL
"VALVULA COMPUERTA 300 MM - 12"" B-B, HD, PN 10",,0.0,,,0.0,MATERIAL
"VALVULA COMPUERTA 400 MM - 16"" B-B, HD, PN 10",,0.0,,,0.0,MATERIAL
"VALVULA COMPUERTA 50 MM - 02"", B-B HD, PN 10",,0.0,,,0.0,MATERIAL
"VALVULA COMPUERTA 80 MM - 03"", B-B HD, PN 10",,0.0,,,0.0,MATERIAL
"VALVULA DE COMPUERTA, BRONCE, D=2"" 1/2, 150 PSI, R-R",,0.0,,,0.0,MATERIAL
"VALVULA DE ESFERA, ACERO INOX. 304, D=1"", 150 PSI, R-R",,0.0,,,0.0,MATERIAL
"VALVULA DE RETENCION (CHECK) 1/2"" - BRONCE",,0.0,,,0.0,MATERIAL
"VALVULA MARIPOSA 150 MM - 06"" HD, B-B CON VOLANTE PN 10",,0.0,,,0.0,MATERIAL
"VALVULA MARIPOSA 250 MM - 10"" HD, B-B CON VOLANTE PN 10",,0.0,,,0.0,MATERIAL
"VALVULA MARIPOSA 300 MM - 12"" HD, B-B CON VOLANTE PN 10",,0.0,,,0.0,MATERIAL
"VALVULA MARIPOSA 400 MM - 16"" HD, B-B CON VOLANTE PN 10",,0.0,,,0.0,MATERIAL
VARIADOR DE FRECUENCIA PARA MOTOR DE 5 HP A 460 VAC,,0.0,,,0.0,MATERIAL
VARIADOR DE FRECUENCIA PARA MOTOR DE 60 HP A 460 VAC,,0.0,,,0.0,MATERIAL
"VARILLA COPPERWELD, L = 1800 MM X Ø = 15.88 MM, INCLUYE GEL DE MEJORAMIENTO DEL TERRENO",,0.0,,,0.0,MATERIAL
VEHÍCULO TIPO CAMIONETA.,,0.0,,,0.0,EQUIPO
"VENTANA DE ALUMINIO 2 X 2"", VIDRIO 6 MM.",,0.0,,,0.0,MATERIAL
VIBRADOR,,0.0,,,0.0,EQUIPO
VIBRADOR 5 HP,,3.25,,,0.0,EQUIPO
VIBRADOR DE HORMIGON,,3.25,,,0.0,EQUIPO
VIGUETA METÁLICA,,0.0,,,0.0,EQUIPO
VIGUETA METÁLICA L=3M (ENCOFRADO DIARIO),,0.0,,,0.0,EQUIPO
VOLQUETA DE 8 M3.,,20.0,,,0.0,EQUIPO
VOLQUETE DE 8 M3,,20.0,,,0.0,EQUIPO
VOLQUETE DE 8 M3.,,0.0,,,0.0,EQUIPO
Variadores de Frecuencia electrónico,,0.0,,,0.0,MATERIAL
"Varilla de cobre 5/8"" x 6', COPPER BONDED",,0.0,,,0.0,MATERIAL
Varios,,0.0,,,0.0,MATERIAL
Ventana corrediza aluminio,,0.0,,,0.0,MATERIAL
Ventilador Centrífugo,,0.0,,,0.0,MATERIAL
"Ventosa acero d=3"" incl. Recubrimiento",,0.0,,,0.0,MATERIAL
Vidrio flotado claro 4mm,,0.0,,,0.0,MATERIAL
Vidrio flotado claro 6mm,,0.0,,,0.0,MATERIAL
VÁLVULA DE COMPUERTA VARIOS DIÁMETROS,,0.0,,,0.0,MATERIAL
"VÁLVULA DE CONTROL DE NIVEL, HD, D = 100 MM, PN 10, B-B",,0.0,,,0.0,MATERIAL
"VÁLVULA DE MARIPOSA HD 06"" B-B PN16",,0.0,,,0.0,MATERIAL
"VÁLVULA DE PIE, BRONCE, D=2"" 1/2, 250 PSI, R-R",,0.0,,,0.0,MATERIAL
"VÁLVULA DE RETENCIÓN CHECK D=1 1/2""",,0.0,,,0.0,MATERIAL
"VÁLVULA DE RETENCIÓN CHECK D=1/2""",,0.0,,,0.0,MATERIAL
"VÁLVULA DE RETENCIÓN DE ACERO INOXIDABLE D=2""",,0.0,,,0.0,MATERIAL
"VÁLVULA MARIPOSA WAFER 16"" CON ACTUADOR ELÉCTRICO",,0.0,,,0.0,MATERIAL
"VÁLVULA MARIPOSA WAFER 20"" CON ACTUADOR ELÉCTRICO",,0.0,,,0.0,MATERIAL
"VÁLVULA MARIPOSA WAFER 20"" CON ACTUADOR ELÉCTRICO TIPO MODULANTE",,0.0,,,0.0,MATERIAL
"VÁLVULA MARIPOSA WAFFER HD 10"" B-B PN16",,0.0,,,0.0,MATERIAL
"VÁSTAGO DE EXTENSIÓN PARA VÁLVULA MARIPOSA L=1,50 M",,0.0,,,0.0,MATERIAL
Válvula check 10”,,0.0,,,0.0,MATERIAL
Válvula de alivio,,0.0,,,0.0,MATERIAL
Válvula de arranque,,0.0,,,0.0,MATERIAL
Válvula de compuerta de acero inoxidable 3” bridada ANSI 150,,0.0,,,0.0,MATERIAL
Válvula de diafragma 6” B-B,,0.0,,,0.0,MATERIAL
Válvula de paso,,0.0,,,0.0,MATERIAL
Válvula retención,,0.0,,,0.0,MATERIAL
Válvulas de contrapresión,,0.0,,,0.0,MATERIAL
Válvulas de guardia Cantidad las indicadas en cada apartado necesarias para el buen funcionamiento de los equipos y todo el sistema de dosificación,,0.0,,,0.0,MATERIAL
Válvulas motorizadas,,0.0,,,0.0,MATERIAL
YEE REDUCTORA PVC DESAGUE 110 A 50mm,,0.0,,,0.0,MATERIAL
"accesorios (bisagra, picaporte, etc)",,0.0,,,0.0,MATERIAL
"accesorios varios de PVC codos, tee, etc. D=110MM",,0.0,,,0.0,MATERIAL
"accesorios varios de PVC codos, tee, etc. D=50MM",,0.0,,,0.0,MATERIAL
aditivo,,0.0,,,0.0,MATERIAL
aditivo anticorrosivo,,0.0,,,0.0,MATERIAL
agua,,0.0,,,0.0,MATERIAL
alambre,,0.0,,,0.0,MATERIAL
amoladora,,0.0,,,0.0,EQUIPO
amoladora eléctrica,,0.0,,,0.0,EQUIPO
andamios,,0.0,,,0.0,EQUIPO
anillo de cera.,,0.0,,,0.0,MATERIAL
audiovisual para asamblea comunitaria (por evento),,0.0,,,0.0,EQUIPO
camión,,0.0,,,0.0,EQUIPO
cepillo o grata,,0.0,,,0.0,MATERIAL
clavos,,0.0,,,0.0,MATERIAL
codo PVC 110mm x 90ï – desagüe,,0.0,,,0.0,MATERIAL
compresor,,0.0,,,0.0,EQUIPO
concretera o mezcladora,,0.0,,,0.0,EQUIPO
disco de corte,,0.0,,,0.0,MATERIAL
disco de desbaste,,0.0,,,0.0,MATERIAL
disolvente,,0.0,,,0.0,MATERIAL
electrodo,,0.0,,,0.0,MATERIAL
"encofrado (tablas, pingos)",,0.0,,,0.0,MATERIAL
equipo amplificación,,0.0,,,0.0,EQUIPO
equipo de oxicorte,,0.0,,,0.0,EQUIPO
equipo de pintura,,0.0,,,0.0,EQUIPO
equipo de pintura o similar,,0.0,,,0.0,EQUIPO
equipo hidroblasting,,0.0,,,0.0,EQUIPO
equipo para granallado,,0.0,,,0.0,EQUIPO
granalla o abrasivo,,0.0,,,0.0,MATERIAL
grifería,,0.0,,,0.0,MATERIAL
grúa móvil,,0.0,,,0.0,EQUIPO
herraje universal de inodoro,,0.0,,,0.0,MATERIAL
herramienta manual,,0.0,,,0.0,EQUIPO
limpiador de tubería,,0.0,,,0.0,MATERIAL
llave angular,,0.0,,,0.0,MATERIAL
líquido limpiador,,0.0,,,0.0,MATERIAL
malla de cerramiento 50/10,,0.0,,,0.0,MATERIAL
manguera de abasto,,0.0,,,0.0,MATERIAL
mobiliario,,0.0,,,0.0,EQUIPO
"mortero (arena, agua, cemento)",,0.0,,,0.0,MATERIAL
"neplo PVC/PP roscable 1/2"" 10cm",,0.0,,,0.0,MATERIAL
oxígeno.,,0.0,,,0.0,MATERIAL
pega,,0.0,,,0.0,MATERIAL
pega líquida,,0.0,,,0.0,MATERIAL
pega tubería,,0.0,,,0.0,MATERIAL
perfiles,,0.0,,,0.0,MATERIAL
piedra bola,,0.0,,,0.0,MATERIAL
pintura anticorrosiva,,0.0,,,0.0,MATERIAL
pintura esmalte,,0.0,,,0.0,MATERIAL
postes,,0.0,,,0.0,MATERIAL
rejilla interior piso 110mm,,0.0,,,0.0,MATERIAL
remaches,,0.0,,,0.0,MATERIAL
sifón,,0.0,,,0.0,MATERIAL
sifón de PVC de 110mm para desagüe,,0.0,,,0.0,MATERIAL
silicona,,0.0,,,0.0,MATERIAL
soldadora,,0.0,,,0.0,EQUIPO
soldadora eléctrica,,0.0,,,0.0,EQUIPO
taladro,,0.0,,,0.0,EQUIPO
taladro eléctrico,,0.0,,,0.0,EQUIPO
"tapón macho/ hembra PVC/PP"" ½ presión rosca",,0.0,,,0.0,MATERIAL
tee PVC roscable ½”,,0.0,,,0.0,MATERIAL
teflón,,0.0,,,0.0,MATERIAL
teflón (norma ASTM D6585),,0.0,,,0.0,MATERIAL
teflón rollo (norma ASTM D6585),,0.0,,,0.0,MATERIAL
tolva de granallado,,0.0,,,0.0,EQUIPO
"tubería PVC/PP roscable 1/2""",,0.0,,,0.0,MATERIAL
tubo PVC 110mm – desagüe,,0.0,,,0.0,MATERIAL
tubo de abasto,,0.0,,,0.0,MATERIAL
tubo de hg 2”,,0.0,,,0.0,MATERIAL
tubo o perfil metálico,,0.0,,,0.0,MATERIAL
"unión PVC/PP ½""",,0.0,,,0.0,MATERIAL
unión universal PVC/PP ½” rosca,,0.0,,,0.0,MATERIAL
varillas de acero,,0.0,,,0.0,MATERIAL
vibrador de hormigón,,0.0,,,0.0,EQUIPO
vidrio claro,,0.0,,,0.0,MATERIAL
yee PVC 110mm – desagüe,,0.0,,,0.0,MATERIAL
ÁNGULO 25X3 MM,,0.0,,,0.0,MATERIAL
ÁRIDO FINO,,0.0,,,0.0,MATERIAL
ÁRIDO GRUESO,,0.0,,,0.0,MATERIAL
Árido fino,,0.0,,,0.0,MATERIAL
Árido grueso,,0.0,,,0.0,MATERIAL
